action_time,object_type,adset_id,event_type,old_budget,new_budget,note
2026-06-12 18:16:27.133162+00,adset,730122709357812221,ui_adjust_budget,19.05,25.4,
2026-06-12 18:16:27.065108+00,adset,730133839938058150,ui_adjust_budget,20.9,27.25,
2026-06-12 18:16:27.049015+00,adset,31190610559771,ui_adjust_budget,21.18,27.53,
2026-06-12 18:16:27.021573+00,adset,730124434859064417,ui_adjust_budget,21.59,27.94,
2026-06-12 18:16:26.996874+00,adset,31273956645572,ui_adjust_budget,23.57,29.92,
2026-06-12 18:15:50.618981+00,adset,730117900317539969,ui_update_budget,5.31,8.89,
2026-06-12 18:15:36.882874+00,adset,730180846625475452,ui_update_budget,3.81,6.35,
2026-06-12 18:15:36.77065+00,adset,730145818928346722,ui_update_budget,3.81,6.35,
2026-06-12 18:15:03.721528+00,campaign,,ui_adjust_budget,4.48,7.02,
2026-06-12 15:17:48.320546+00,campaign,,ui_update_budget,6.35,3.81,
2026-06-12 15:16:04.545219+00,adset,730126105134999394,ui_update_budget,3.05,2.54,
2026-06-12 15:14:38.904953+00,campaign,,ui_update_budget,1.27,3.81,
2026-06-12 15:14:37.317025+00,campaign,,ui_update_budget,1.27,3.81,
2026-06-12 15:14:14.78611+00,adset,730126934718397494,ui_update_budget,1.27,3.81,
2026-06-12 15:14:14.711459+00,campaign,,ui_update_budget,1.27,3.81,
2026-06-12 15:14:14.671798+00,campaign,,ui_update_budget,1.27,3.81,
2026-06-12 15:10:37.282142+00,adset,730121283157106350,ui_update_budget,3.81,6.35,
2026-06-12 15:10:37.179849+00,adset,730114047301111609,ui_update_budget,3.81,6.35,
2026-06-12 15:10:37.116071+00,campaign,,ui_update_budget,3.81,6.35,
2026-06-12 15:09:23.795105+00,adset,730125087398796770,ui_update_budget,19.05,25.4,
2026-06-12 15:09:08.912925+00,campaign,,ui_update_budget,35.56,53.34,
2026-06-12 14:51:12.881395+00,campaign,,ui_adjust_budget,3.81,2.54,
2026-06-12 14:51:12.858481+00,campaign,,ui_adjust_budget,3.81,2.54,
2026-06-12 14:51:12.794703+00,adset,730129944251126557,ui_adjust_budget,5.08,3.81,
2026-06-12 14:51:12.740696+00,adset,730122605373451600,ui_adjust_budget,5.08,3.81,scaling winner
2026-06-12 14:51:12.721023+00,adset,730167965141661801,ui_adjust_budget,5.08,3.81,
2026-06-12 14:50:00.744953+00,campaign,,ui_adjust_budget,3.56,3.2,
2026-06-12 14:50:00.684259+00,adset,730131057235610353,ui_adjust_budget,21.95,19.75,
2026-06-12 14:49:53.199103+00,adset,730125738085033886,ui_update_budget,1.5,1.27,
2026-06-12 14:49:17.268312+00,campaign,,ui_adjust_budget,3.81,2.54,
2026-06-12 14:48:40.782648+00,adset,730131468079569872,ui_adjust_budget,3.05,2.74,
2026-06-12 14:47:47.694856+00,campaign,,ui_update_budget,3.81,2.54,
2026-06-12 14:46:54.403625+00,adset,730119959190863707,ui_adjust_budget,1.9,1.52,
2026-06-12 14:46:54.368822+00,adset,730150929494844775,ui_adjust_budget,4.57,3.66,
2026-06-12 14:46:54.367796+00,campaign,,ui_adjust_budget,2.03,1.63,
2026-06-12 14:46:54.342408+00,adset,730119568344307064,ui_adjust_budget,2.29,1.83,
2026-06-12 14:46:54.295499+00,campaign,,ui_adjust_budget,2.29,1.83,
2026-06-12 14:46:54.22991+00,campaign,,ui_adjust_budget,3.05,2.44,
2026-06-12 14:46:54.140191+00,adset,730125516653624607,ui_adjust_budget,6.4,5.12,
2026-06-12 14:46:54.113955+00,adset,730121683624182281,ui_adjust_budget,10.16,8.13,
2026-06-12 14:46:54.055475+00,campaign,,ui_adjust_budget,15.24,12.19,
2026-06-12 14:46:53.995008+00,adset,730119979220314198,ui_adjust_budget,54.39,43.51,
2026-06-12 14:46:52+00,adset,730119959190863707,update_ad_set_budget,1.27,1.52,
2026-06-12 14:46:52+00,adset,730150929494844775,update_ad_set_budget,1.27,3.66,
2026-06-12 14:45:07+00,adset,730150929494844775,update_ad_set_budget,4.57,1.27,
2026-06-12 14:45:07+00,adset,730119959190863707,update_ad_set_budget,1.9,1.27,
2026-06-12 14:45:06.94103+00,adset,730129588965280290,ui_update_budget,1.27,3.81,
2026-06-12 14:45:05.784058+00,adset,730130984014353917,ui_update_budget,1.27,3.81,
2026-06-12 14:45:04.363208+00,adset,730115891169413527,ui_update_budget,1.27,3.81,
2026-06-12 14:45:04.126563+00,adset,730180846625475452,ui_update_budget,1.27,3.81,
2026-06-12 14:42:05.353521+00,adset,730179534900076891,ui_adjust_budget,6.4,12.75,
2026-06-12 14:42:05.073523+00,adset,730188716765660042,ui_adjust_budget,6.35,12.7,
2026-06-12 14:42:04.586519+00,adset,730119465202368916,ui_adjust_budget,6.35,12.7,
2026-06-12 14:42:04.37317+00,adset,730121282923468195,ui_adjust_budget,6.35,12.7,
2026-06-12 14:42:03.706363+00,adset,730130498832619200,ui_adjust_budget,12.7,19.05,
2026-06-12 14:42:03.67853+00,adset,730116715642536551,ui_adjust_budget,12.67,19.02,
2026-06-12 14:42:03.648527+00,adset,730127795690969821,ui_adjust_budget,8.53,14.88,
2026-06-12 14:42:03.572187+00,adset,31124145056204,ui_adjust_budget,8.89,15.24,
2026-06-12 14:42:02.392244+00,adset,31190610559771,ui_adjust_budget,14.83,21.18,
2026-06-12 14:42:02.23146+00,adset,31273956645572,ui_adjust_budget,17.22,23.57,
2026-06-12 14:40:34.183656+00,adset,730117093264226298,ui_update_budget,3.81,6.35,
2026-06-12 14:40:03.708075+00,adset,31209740459647,ui_update_budget,3.18,6.35,
2026-06-12 14:37:38.466961+00,adset,730129999836227346,ui_adjust_budget,32.64,39.17,
2026-06-12 12:03:13.989523+00,adset,730116715642536551,ui_adjust_budget,6.32,12.67,
2026-06-12 12:03:13.934112+00,adset,31190610559771,ui_adjust_budget,8.48,14.83,
2026-06-12 12:03:13.480522+00,adset,730122709357812221,ui_adjust_budget,12.7,19.05,
2026-06-12 12:03:13.42251+00,adset,730133839938058150,ui_adjust_budget,14.55,20.9,
2026-06-12 12:03:13.255815+00,adset,730124633804344724,ui_adjust_budget,19.05,25.4,
2026-06-12 12:01:27.844449+00,adset,31124038476129,ui_update_budget,6.35,12.7,
2026-06-12 12:01:27.557725+00,adset,730118943503085684,ui_update_budget,6.36,12.7,
2026-06-12 12:01:27.470381+00,adset,730130498832619200,ui_update_budget,6.4,12.7,
2026-06-12 11:58:05.907591+00,adset,730114417339432425,ui_adjust_budget,12.7,25.4,
2026-06-12 11:37:16.263704+00,adset,730168549344013312,ui_update_budget,3.81,6.35,
2026-06-12 11:37:16.263352+00,adset,730121054145158163,ui_update_budget,3.81,6.35,
2026-06-12 11:37:16.263113+00,adset,730188716765660042,ui_update_budget,3.81,6.35,
2026-06-12 11:37:16.262723+00,adset,730121282923468195,ui_update_budget,3.81,6.35,
2026-06-12 11:37:01.094311+00,adset,730119465202368916,ui_update_budget,4.13,6.35,
2026-06-12 11:37:00.931083+00,adset,730126527884690880,ui_update_budget,4.8,6.35,
2026-06-12 11:37:00.895886+00,campaign,,ui_update_budget,4.8,6.35,
2026-06-12 11:25:01.274884+00,adset,730126527884690880,ui_adjust_budget,2.67,4.8,
2026-06-12 11:25:01.193518+00,campaign,,ui_adjust_budget,2.67,4.8,
2026-06-12 11:24:24.124789+00,adset,730117093264226298,ui_update_budget,1.27,3.81,
2026-06-12 11:22:10.705248+00,adset,730127935224481935,ui_update_budget,1.27,3.81,
2026-06-12 11:22:09.682205+00,campaign,,ui_update_budget,1.27,3.81,
2026-06-12 11:22:09.413581+00,adset,730127248458779163,ui_update_budget,1.27,3.81,
2026-06-12 11:22:09.373756+00,adset,730183556611520386,ui_update_budget,1.27,3.81,
2026-06-12 11:22:09.269049+00,adset,730128836048301741,ui_update_budget,1.27,3.81,
2026-06-12 11:22:09.259702+00,campaign,,ui_update_budget,1.27,3.81,
2026-06-12 11:22:09.255492+00,adset,730124530082785923,ui_update_budget,1.27,3.81,
2026-06-12 11:22:08.873175+00,campaign,,ui_update_budget,1.27,3.81,
2026-06-12 11:22:08.795679+00,adset,730120994981117060,ui_update_budget,1.27,3.81,
2026-06-12 11:22:08.742342+00,adset,730110245237439923,ui_update_budget,1.27,3.81,
2026-06-12 11:22:08.681391+00,adset,730145818928346722,ui_update_budget,1.27,3.81,
2026-06-12 10:57:39.81953+00,adset,730126105134999394,ui_adjust_budget,3.81,3.05,
2026-06-12 10:55:36.977522+00,campaign,,ui_update_budget,1.27,3.81,weekend boost
2026-06-12 10:54:51.453311+00,campaign,,ui_update_budget,1.27,3.81,
2026-06-12 10:54:51.449527+00,campaign,,ui_update_budget,1.27,3.81,
2026-06-12 10:54:51.415516+00,campaign,,ui_update_budget,1.27,3.81,
2026-06-12 10:54:51.348522+00,campaign,,ui_update_budget,1.27,3.81,
2026-06-12 10:54:51.345515+00,campaign,,ui_update_budget,1.27,3.81,
2026-06-12 10:54:51.263596+00,campaign,,ui_update_budget,2.54,3.81,
2026-06-12 10:52:15.936531+00,campaign,,ui_update_budget,6.35,12.7,
2026-06-12 09:49:17.607313+00,campaign,,ui_adjust_budget,3.81,2.67,
2026-06-12 09:49:16.755685+00,adset,31239959394500,ui_adjust_budget,5.08,3.56,
2026-06-12 09:49:16.738517+00,adset,730111639108940228,ui_adjust_budget,5.08,3.56,
2026-06-12 09:49:16.229401+00,campaign,,ui_adjust_budget,6.4,4.48,
2026-06-12 09:49:15.859545+00,adset,730114281522580260,ui_adjust_budget,10.16,7.11,
2026-06-12 09:49:15.195079+00,campaign,,ui_adjust_budget,25.4,17.78,
2026-06-12 09:49:15.093897+00,adset,730127988250776273,ui_adjust_budget,97.17,68.02,
2026-06-12 09:47:06.986643+00,adset,730122555309628988,ui_adjust_budget,3.81,2.48,
2026-06-12 09:47:05.839604+00,adset,730112373699429645,ui_adjust_budget,8.53,5.55,
2026-06-12 09:47:05.21182+00,adset,730117576322941540,ui_adjust_budget,14.22,9.25,
2026-06-12 09:47:04.875656+00,adset,730177201267065733,ui_adjust_budget,29.43,19.13,
2026-06-12 08:38:39.245887+00,adset,730133399467311318,ui_update_budget,1.27,3.81,
2026-06-12 08:38:39.228593+00,campaign,,ui_update_budget,1.27,3.81,
2026-06-12 08:38:39.211759+00,adset,730121283157106350,ui_update_budget,2.54,3.81,
2026-06-12 08:37:37.071281+00,campaign,,ui_update_budget,1.27,3.81,
2026-06-12 08:15:15.581249+00,adset,730115490245309167,ui_adjust_budget,3.81,2.4,
2026-06-12 08:15:15.553666+00,adset,730156675027409700,ui_adjust_budget,3.81,2.4,
2026-06-12 08:15:15.54651+00,campaign,,ui_adjust_budget,3.81,2.4,
2026-06-12 08:15:15.254517+00,adset,31694974403917,ui_adjust_budget,4.43,2.79,
2026-06-12 08:15:15.101322+00,adset,31558558342930,ui_adjust_budget,5.08,3.2,
2026-06-12 08:15:14.678105+00,adset,730117900317539969,ui_adjust_budget,8.43,5.31,
2026-06-12 08:09:43.563096+00,campaign,,ui_update_budget,1.27,3.81,
2026-06-12 08:09:43.559725+00,campaign,,ui_update_budget,1.27,3.81,
2026-06-12 08:09:43.556215+00,campaign,,ui_update_budget,1.27,3.81,"green 2 days, +30%"
2026-06-12 08:09:43.544786+00,campaign,,ui_update_budget,1.27,3.81,
2026-06-12 08:09:43.52707+00,campaign,,ui_update_budget,1.27,3.81,
2026-06-12 08:09:43.499208+00,campaign,,ui_update_budget,1.27,3.81,
2026-06-12 08:09:43.494811+00,campaign,,ui_update_budget,1.27,3.81,
2026-06-12 08:09:43.432698+00,campaign,,ui_update_budget,1.27,3.81,
2026-06-12 08:09:02.415175+00,adset,730114047301111609,ui_update_budget,1.27,3.81,
2026-06-12 08:08:30.865805+00,adset,730129944251126557,ui_adjust_budget,2.54,5.08,
2026-06-12 08:08:01.232216+00,adset,730122605373451600,ui_adjust_budget,2.54,5.08,
2026-06-12 08:08:01.126806+00,adset,730167965141661801,ui_adjust_budget,2.54,5.08,
2026-06-12 08:06:45.312872+00,adset,730131579628248110,ui_adjust_budget,3.81,16.51,
2026-06-12 08:05:21.807334+00,campaign,,ui_update_budget,3.81,6.35,
2026-06-12 08:04:48.417367+00,adset,730129450634378122,ui_update_budget,5.08,6.35,
2026-06-12 08:04:08.627017+00,adset,730125087398796770,ui_update_budget,12.7,19.05,
2026-06-12 08:03:57.790602+00,campaign,,ui_update_budget,25.4,35.56,
2026-06-12 07:54:57.922136+00,adset,730125738085033886,ui_adjust_budget,2.13,1.5,
2026-06-12 07:54:57.478082+00,campaign,,ui_adjust_budget,5.08,3.56,
2026-06-12 07:54:57.424591+00,adset,730125516653624607,ui_adjust_budget,9.14,6.4,
2026-06-12 07:54:18.573696+00,campaign,,ui_adjust_budget,2.54,2.03,
2026-06-12 07:54:18.485544+00,adset,730117124109309101,ui_adjust_budget,3.81,3.05,
2026-06-12 07:54:18.251526+00,adset,730121683624182281,ui_adjust_budget,12.7,10.16,
2026-06-12 07:54:18.085524+00,adset,730119979220314198,ui_adjust_budget,68.0,54.39,
2026-06-12 07:53:50.299526+00,adset,730150929494844775,ui_adjust_budget,7.62,4.57,
2026-06-12 07:53:50.204027+00,campaign,,ui_adjust_budget,3.81,2.29,
2026-06-12 07:53:25.273519+00,adset,730119568344307064,ui_adjust_budget,3.81,2.29,
2026-06-12 07:53:25.142244+00,campaign,,ui_adjust_budget,5.08,3.05,
2026-06-12 07:53:25.132523+00,adset,730131468079569872,ui_adjust_budget,5.08,3.05,
2026-06-12 07:53:24.866935+00,adset,730114082710212228,ui_adjust_budget,15.24,9.14,
2026-06-12 07:53:24.782342+00,campaign,,ui_adjust_budget,25.4,15.24,
2026-06-12 07:52:41.255536+00,adset,730119959190863707,ui_adjust_budget,3.81,1.9,
2026-06-12 07:52:41.170631+00,adset,730172018151815904,ui_adjust_budget,2.54,1.27,
2026-06-12 07:52:41.140271+00,campaign,,ui_adjust_budget,3.81,1.9,
2026-06-12 07:52:41.132556+00,campaign,,ui_adjust_budget,2.54,1.27,
2026-06-12 07:52:40.816531+00,adset,730128434697262830,ui_adjust_budget,18.29,9.14,
2026-06-12 07:52:40.793334+00,adset,730115798095752516,ui_adjust_budget,24.97,12.48,
2026-06-12 07:51:24.736507+00,adset,730132393309052497,ui_update_budget,2.44,1.27,
2026-06-12 07:50:41.358984+00,adset,730110190485390584,ui_update_budget,2.54,1.27,
2026-06-12 07:50:11.191266+00,campaign,,ui_update_budget,3.81,1.27,
2026-06-12 07:50:11.083715+00,campaign,,ui_update_budget,2.54,1.27,
2026-06-12 07:50:11.007787+00,campaign,,ui_update_budget,3.81,1.27,
2026-06-12 07:50:10.833139+00,adset,730126881362912356,ui_update_budget,6.35,1.27,
2026-06-12 07:49:23.288527+00,campaign,,ui_update_budget,3.81,1.27,
2026-06-12 07:49:23.24684+00,campaign,,ui_update_budget,2.54,1.27,
2026-06-12 07:49:23.242108+00,campaign,,ui_update_budget,3.43,1.27,scaling winner
2026-06-12 07:49:23.238104+00,adset,730115820570273151,ui_update_budget,2.54,1.27,
2026-06-12 07:49:23.118023+00,campaign,,ui_update_budget,3.81,1.27,slow ramp per playbook
2026-06-12 07:49:23.109842+00,adset,730113018329189375,ui_update_budget,3.81,1.27,
2026-06-12 07:49:23.089992+00,adset,730162747561997773,ui_update_budget,2.54,1.27,
2026-06-12 07:49:23.040846+00,campaign,,ui_update_budget,3.81,1.27,
2026-06-12 07:48:54.82657+00,adset,730116447002708596,ui_update_budget,6.35,1.9,
2026-06-12 07:48:54.812797+00,adset,730135016891241063,ui_update_budget,5.08,1.9,
2026-06-12 07:48:54.745675+00,adset,730115451617748648,ui_update_budget,5.08,1.9,
2026-06-12 07:48:54.668156+00,campaign,,ui_update_budget,7.11,1.9,
2026-06-12 03:00:02+00,adset,31243712380589,update_ad_set_budget,12.7,10.16,
2026-06-11 20:00:12.502493+00,campaign,,ui_adjust_budget,3.81,2.54,
2026-06-11 17:44:17.290442+00,adset,730110190485390584,ui_adjust_budget,3.81,2.54,
2026-06-11 16:57:25.966345+00,adset,730115451617748648,ui_adjust_budget,2.54,5.08,"scaling +200% - 3 straight green days, strong ROI trend"
2026-06-11 16:54:25.362045+00,adset,730119979220314198,ui_adjust_budget,55.3,68.0,
2026-06-11 16:53:45.122595+00,adset,730116447002708596,ui_update_budget,3.81,6.35,
2026-06-11 16:53:15.066093+00,adset,730121683624182281,ui_update_budget,6.35,12.7,
2026-06-11 16:52:24.115919+00,adset,730126881362912356,ui_update_budget,3.81,6.35,
2026-06-11 16:52:24.074354+00,campaign,,ui_update_budget,3.81,6.35,
2026-06-11 16:50:02.285494+00,adset,730119487809115633,ui_update_budget,6.35,12.7,
2026-06-11 16:49:32.670865+00,campaign,,ui_update_budget,19.05,25.4,
2026-06-11 16:49:26.709086+00,campaign,,ui_update_budget,19.05,25.4,
2026-06-11 16:47:24.655323+00,adset,730115798095752516,ui_adjust_budget,27.74,24.97,
2026-06-11 16:46:53.890692+00,campaign,,ui_adjust_budget,3.81,2.54,
2026-06-11 16:46:53.885521+00,campaign,,ui_adjust_budget,3.81,2.54,
2026-06-11 16:46:53.694452+00,adset,730117124109309101,ui_adjust_budget,5.08,3.81,
2026-06-11 16:46:53.631645+00,adset,730172018151815904,ui_adjust_budget,3.81,2.54,
2026-06-11 16:44:26.505303+00,adset,730162747561997773,ui_update_budget,3.05,2.54,
2026-06-11 16:41:51.029867+00,adset,730131579628248110,ui_adjust_budget,5.08,3.81,
2026-06-11 16:41:50.831306+00,campaign,,ui_adjust_budget,3.81,2.54,
2026-06-11 15:09:03.292545+00,adset,730113018329189375,ui_update_budget,4.27,3.81,
2026-06-11 15:08:30.626601+00,adset,730115820570273151,ui_update_budget,3.81,2.54,
2026-06-11 15:07:48.354062+00,campaign,,ui_adjust_budget,1.27,3.81,
2026-06-11 15:07:48.329481+00,campaign,,ui_adjust_budget,1.27,3.81,
2026-06-11 15:07:48.322812+00,campaign,,ui_adjust_budget,1.27,3.81,
2026-06-11 13:48:35.919442+00,adset,730125516653624607,ui_adjust_budget,10.16,9.14,
2026-06-11 13:48:35.858074+00,adset,730128434697262830,ui_adjust_budget,20.32,18.29,
2026-06-11 13:48:35.830389+00,adset,730131057235610353,ui_adjust_budget,24.38,21.95,
2026-06-11 13:48:17.389564+00,adset,730119959190863707,ui_adjust_budget,5.08,3.81,
2026-06-11 13:48:17.370959+00,adset,730129450634378122,ui_adjust_budget,6.35,5.08,
2026-06-11 13:48:16+00,adset,730119959190863707,update_ad_set_budget,5.08,3.81,
2026-06-11 13:47:25.321527+00,adset,730132393309052497,ui_adjust_budget,3.05,2.44,
2026-06-11 13:47:25.283091+00,adset,730125738085033886,ui_adjust_budget,2.67,2.13,
2026-06-11 13:47:25.102732+00,campaign,,ui_adjust_budget,4.29,3.43,
2026-06-11 13:47:25.0875+00,campaign,,ui_adjust_budget,8.89,7.11,
2026-06-11 13:47:23+00,adset,730132393309052497,update_ad_set_budget,3.05,2.44,
2026-06-11 13:47:19.657525+00,adset,730174896873293820,ui_update_budget,1.27,3.81,
2026-06-11 13:47:19.649424+00,adset,730117244449589091,ui_update_budget,1.27,3.81,
2026-06-11 13:47:19.635835+00,adset,730121054145158163,ui_update_budget,1.27,3.81,
2026-06-11 13:47:17.995308+00,campaign,,ui_update_budget,1.56,1.27,"duplicated to new audience, trimming original"
2026-06-11 13:46:08.137128+00,adset,31273956645572,ui_adjust_budget,10.87,17.22,
2026-06-11 13:46:04+00,adset,31273956645572,update_ad_set_budget,10.87,17.22,
2026-06-11 13:45:39.182798+00,campaign,,ui_adjust_budget,3.81,6.4,
2026-06-11 13:45:39.164181+00,adset,730130498832619200,ui_adjust_budget,3.81,6.4,
2026-06-11 13:45:39.14455+00,adset,730179534900076891,ui_adjust_budget,3.81,6.4,
2026-06-11 13:45:38.868709+00,adset,730112373699429645,ui_adjust_budget,5.08,8.53,
2026-06-11 13:45:38.825604+00,adset,730127795690969821,ui_adjust_budget,5.08,8.53,
2026-06-11 13:45:33.52078+00,campaign,,ui_update_budget,1.27,3.81,
2026-06-11 13:45:33.492984+00,campaign,,ui_update_budget,1.27,3.81,
2026-06-11 13:45:33.401205+00,adset,730120112501189707,ui_update_budget,2.54,3.81,
2026-06-11 13:45:33.362931+00,adset,730126105134999394,ui_update_budget,2.54,3.81,
2026-06-11 13:45:31+00,adset,730179534900076891,update_ad_set_budget,3.81,6.4,
2026-06-11 13:45:31+00,adset,730130498832619200,update_ad_set_budget,3.81,6.4,
2026-06-11 13:45:29+00,adset,730120112501189707,update_ad_set_budget,2.54,3.81,
2026-06-11 13:45:29+00,adset,730126105134999394,update_ad_set_budget,2.54,3.81,
2026-06-11 13:45:29+00,campaign,,update_campaign_budget,1.27,3.81,
2026-06-11 13:45:29+00,campaign,,update_campaign_budget,1.27,3.81,
2026-06-11 12:38:04.223508+00,adset,730122709357812221,ui_adjust_budget,6.35,12.7,
2026-06-11 12:38:04.177978+00,adset,730133839938058150,ui_adjust_budget,8.2,14.55,
2026-06-11 12:38:03.984111+00,adset,730124434859064417,ui_adjust_budget,15.24,21.59,
2026-06-11 12:35:26.170879+00,adset,730177201267065733,ui_adjust_budget,23.08,29.43,
2026-06-11 12:34:37.623239+00,adset,730114417339432425,ui_update_budget,6.35,12.7,
2026-06-11 12:34:17.241427+00,adset,730118943503085684,ui_adjust_budget,3.81,6.36,
2026-06-11 12:34:16.6105+00,adset,31190610559771,ui_adjust_budget,5.08,8.48,
2026-06-11 12:32:27.005524+00,adset,730168549344013312,ui_update_budget,1.27,3.81,
2026-06-11 12:32:26.981521+00,adset,730122581287354737,ui_update_budget,1.27,3.81,budget reset after midnight spike
2026-06-11 12:32:26.964558+00,adset,730188716765660042,ui_update_budget,1.27,3.81,
2026-06-11 12:32:26.948147+00,adset,730194610463382060,ui_update_budget,1.27,3.81,
2026-06-11 12:32:26.937257+00,adset,730127340204266365,ui_update_budget,1.27,3.81,
2026-06-11 12:32:26.898745+00,adset,730115490245309167,ui_update_budget,1.27,3.81,
2026-06-11 12:30:51.511819+00,adset,730129999836227346,ui_adjust_budget,27.2,32.64,
2026-06-11 12:03:02.602258+00,campaign,,ui_update_budget,6.35,3.81,
2026-06-11 12:02:30.215101+00,campaign,,ui_update_budget,3.81,2.54,
2026-06-11 12:01:40.210395+00,adset,730122691141682218,ui_update_budget,3.05,1.27,
2026-06-11 12:01:08.475804+00,campaign,,ui_update_budget,1.27,3.81,
2026-06-11 12:01:08.441568+00,adset,730126881362912356,ui_update_budget,2.54,3.81,
2026-06-11 11:56:22.634724+00,adset,730110190485390584,ui_update_budget,1.27,3.81,
2026-06-11 11:56:08.866997+00,adset,730121683624182281,ui_update_budget,3.81,6.35,
2026-06-11 11:55:24.453908+00,adset,730125087398796770,ui_update_budget,6.35,12.7,
2026-06-11 11:55:03.069138+00,campaign,,ui_update_budget,12.7,19.05,
2026-06-11 11:30:03+00,adset,31273956645572,update_ad_set_budget,13.6,10.87,
2026-06-11 10:52:31.088039+00,adset,730127959620269389,ui_adjust_budget,4.06,2.84,
2026-06-11 10:52:31.060502+00,adset,730113018329189375,ui_adjust_budget,6.1,4.27,
2026-06-11 10:48:17.708044+00,campaign,,ui_update_budget,1.27,3.81,
2026-06-11 10:48:17.6748+00,campaign,,ui_update_budget,1.27,3.81,
2026-06-11 10:48:17.671061+00,campaign,,ui_update_budget,1.27,3.81,
2026-06-11 10:48:17.63556+00,adset,730115820570273151,ui_update_budget,1.27,3.81,
2026-06-11 10:48:17.611501+00,campaign,,ui_update_budget,1.27,3.81,
2026-06-11 10:47:44+00,campaign,,update_campaign_budget,1.27,3.81,
2026-06-11 10:46:55.072798+00,campaign,,ui_update_budget,1.27,3.81,
2026-06-11 10:46:54.987157+00,campaign,,ui_update_budget,1.27,3.81,
2026-06-11 10:46:52+00,campaign,,update_campaign_budget,1.27,3.81,
2026-06-11 10:46:13.447371+00,adset,730135016891241063,ui_adjust_budget,2.54,5.08,
2026-06-11 10:46:13.400215+00,adset,730131579628248110,ui_adjust_budget,2.54,5.08,
2026-06-11 10:46:13.392789+00,campaign,,ui_adjust_budget,2.54,5.08,testing new bid
2026-06-11 10:45:25.702516+00,adset,730119568344307064,ui_update_budget,2.54,3.81,
2026-06-11 10:45:24+00,adset,730119568344307064,update_ad_set_budget,2.54,3.81,
2026-06-11 10:44:45.136167+00,adset,730117124109309101,ui_update_budget,2.54,5.08,
2026-06-11 10:44:45.042407+00,campaign,,ui_update_budget,2.54,5.08,
2026-06-11 10:40:47.279458+00,adset,730119487809115633,ui_update_budget,3.81,6.35,
2026-06-11 10:40:27.594245+00,campaign,,ui_update_budget,15.24,19.05,
2026-06-11 10:20:59.458454+00,adset,730121282923468195,ui_update_budget,3.81,3.81,
2026-06-11 10:20:59.368074+00,adset,730130498832619200,ui_update_budget,3.81,3.81,
2026-06-11 10:20:59.354914+00,campaign,,ui_update_budget,3.81,3.81,
2026-06-11 10:20:36.382171+00,adset,730121282923468195,ui_update_budget,1.27,3.81,
2026-06-11 10:20:36.234182+00,adset,730130498832619200,ui_update_budget,1.27,3.81,
2026-06-11 10:20:36.217367+00,campaign,,ui_update_budget,1.27,3.81,
2026-06-11 10:17:19.779532+00,adset,730179534900076891,ui_update_budget,1.27,3.81,
2026-06-11 10:17:19.775608+00,adset,730113735576237473,ui_update_budget,1.27,3.81,
2026-06-11 09:49:01.339838+00,adset,31243712380589,ui_adjust_budget,6.35,12.7,
2026-06-11 09:49:01.310752+00,adset,730124434859064417,ui_adjust_budget,8.89,15.24,
2026-06-11 09:49:01.258692+00,adset,730129772680132521,ui_adjust_budget,10.92,17.27,
2026-06-11 09:49:01.186659+00,adset,730111022034813676,ui_adjust_budget,11.56,17.91,
2026-06-11 09:49:00.94178+00,adset,730124633804344724,ui_adjust_budget,12.7,19.05,
2026-06-11 09:49:00.77777+00,adset,730177201267065733,ui_adjust_budget,16.73,23.08,
2026-06-11 09:49:00.74661+00,campaign,,ui_adjust_budget,19.05,25.4,
2026-06-11 09:49:00.705351+00,adset,730129999836227346,ui_adjust_budget,20.85,27.2,
2026-06-11 09:46:55.565792+00,adset,730122709357812221,ui_update_budget,3.81,6.35,
2026-06-11 09:42:43.062514+00,adset,31558558342930,ui_update_budget,2.48,5.08,
2026-06-11 09:42:42.984512+00,adset,730112373699429645,ui_update_budget,2.54,5.08,
2026-06-11 09:42:42.820149+00,adset,31190610559771,ui_update_budget,2.67,5.08,
2026-06-11 09:42:42.722019+00,adset,730127795690969821,ui_update_budget,2.67,5.08,
2026-06-11 09:42:42.673513+00,adset,730111639108940228,ui_update_budget,3.81,5.08,
2026-06-11 09:42:03.813331+00,adset,730111639108940228,ui_update_budget,1.27,3.81,
2026-06-11 09:24:22+00,adset,730119801657625147,update_ad_set_bid_strategy,,,
2026-06-11 09:17:36.048436+00,adset,730172018151815904,ui_update_budget,1.74,3.81,
2026-06-11 07:53:52.033734+00,adset,730131929701188206,ui_adjust_budget,2.54,1.78,
2026-06-11 07:53:52.025317+00,campaign,,ui_adjust_budget,2.24,1.56,
2026-06-11 07:53:51.95096+00,adset,730115798095752516,ui_adjust_budget,39.62,27.74,
2026-06-11 07:53:00.332445+00,campaign,,ui_update_budget,1.9,1.27,
2026-06-11 07:51:56.799666+00,adset,730122691141682218,ui_adjust_budget,5.08,3.05,
2026-06-11 07:51:56.793568+00,adset,730150929494844775,ui_adjust_budget,12.7,7.62,
2026-06-11 07:51:56.785269+00,adset,730132393309052497,ui_adjust_budget,5.08,3.05,
2026-06-11 07:50:09.766549+00,campaign,,ui_update_budget,1.92,1.27,
2026-06-11 07:50:09.732588+00,adset,730150812662227028,ui_update_budget,12.7,1.27,
2026-06-11 07:50:09.692883+00,adset,730131055006514133,ui_update_budget,2.44,1.27,
2026-06-11 07:50:09.655446+00,adset,730127686569001839,ui_update_budget,1.9,1.27,
2026-06-11 07:49:20.288111+00,campaign,,ui_update_budget,2.54,1.9,
2026-06-11 07:49:18+00,campaign,,update_campaign_budget,2.54,1.9,
2026-06-11 07:48:37.680183+00,campaign,,ui_update_budget,3.81,2.54,
2026-06-11 07:48:30+00,campaign,,update_campaign_budget,3.81,2.54,
2026-06-11 07:47:29.139295+00,campaign,,ui_update_budget,1.27,3.81,
2026-06-11 07:46:34.527337+00,adset,730131468079569872,ui_update_budget,2.54,5.08,
2026-06-11 07:45:52.558621+00,campaign,,ui_update_budget,1.27,3.81,
2026-06-11 07:45:52.512349+00,adset,730116447002708596,ui_update_budget,1.27,3.81,
2026-06-11 07:45:51+00,campaign,,update_campaign_budget,1.27,3.81,
2026-06-11 07:45:51+00,adset,730116447002708596,update_ad_set_budget,1.27,3.81,
2026-06-11 07:42:30.646542+00,adset,730119979220314198,ui_adjust_budget,42.6,55.3,
2026-06-11 07:42:06.493669+00,adset,730121683624182281,ui_update_budget,2.44,3.81,
2026-06-11 07:40:34.287197+00,adset,730129450634378122,ui_update_budget,3.81,6.35,
2026-06-11 07:40:34.278938+00,adset,730125087398796770,ui_update_budget,5.08,6.35,
2026-06-11 07:40:16.629373+00,campaign,,ui_update_budget,6.35,12.7,
2026-06-11 06:34:23.674687+00,adset,730111165025674105,ui_adjust_budget,1.27,1.27,
2026-06-11 06:34:23.570274+00,campaign,,ui_adjust_budget,1.27,1.27,
2026-06-11 06:34:23.515965+00,adset,730125263319729979,ui_adjust_budget,2.29,1.83,
2026-06-11 06:34:23.41842+00,adset,730192108559844581,ui_adjust_budget,2.54,2.03,
2026-06-11 06:33:24.149083+00,adset,730162747561997773,ui_adjust_budget,3.81,3.05,
2026-06-11 06:33:23.888521+00,adset,31239959394500,ui_adjust_budget,6.35,5.08,budget reset after midnight spike
2026-06-11 06:33:23.117216+00,adset,730114281522580260,ui_adjust_budget,12.7,10.16,
2026-06-11 06:33:23.098533+00,adset,730125516653624607,ui_adjust_budget,12.7,10.16,
2026-06-11 06:33:22.546005+00,adset,730114082710212228,ui_adjust_budget,19.05,15.24,
2026-06-11 06:33:22.536891+00,adset,730117576322941540,ui_adjust_budget,17.78,14.22,
2026-06-11 06:33:22.367873+00,adset,730128434697262830,ui_adjust_budget,25.4,20.32,
2026-06-11 06:33:22.29252+00,adset,730131057235610353,ui_adjust_budget,30.48,24.38,
2026-06-11 06:31:53.013418+00,campaign,,ui_adjust_budget,2.31,1.61,
2026-06-11 06:31:53.001527+00,campaign,,ui_adjust_budget,2.54,1.78,
2026-06-11 06:31:52.312555+00,adset,730126527884690880,ui_adjust_budget,3.81,2.67,
2026-06-11 06:31:52.311393+00,adset,730127795690969821,ui_adjust_budget,3.81,2.67,
2026-06-11 06:31:52.305342+00,campaign,,ui_adjust_budget,3.81,2.67,
2026-06-11 06:31:52.087524+00,adset,730125738085033886,ui_adjust_budget,3.81,2.67,
2026-06-11 06:31:51.969587+00,adset,31694974403917,ui_adjust_budget,6.32,4.43,
2026-06-11 06:31:51.411658+00,adset,730130505344597328,ui_adjust_budget,8.89,6.22,
2026-06-11 06:31:51.239198+00,adset,730125157442067292,ui_adjust_budget,12.7,8.89,
2026-06-11 06:31:51.200096+00,campaign,,ui_adjust_budget,12.7,8.89,
2026-06-11 06:31:51.124034+00,adset,730119875479397057,ui_adjust_budget,16.0,11.2,
2026-06-11 06:31:51.114167+00,adset,730111022034813676,ui_adjust_budget,16.51,11.56,
2026-06-11 06:30:24.232516+00,adset,31499956809569,ui_adjust_budget,3.18,2.07,
2026-06-11 06:30:23.693963+00,adset,730119465202368916,ui_adjust_budget,6.35,4.13,
2026-06-11 06:30:23.57333+00,campaign,,ui_adjust_budget,6.6,4.29,
2026-06-11 05:30:04+00,adset,31191755212537,update_ad_set_budget,12.7,10.16,
2026-06-11 02:30:02+00,adset,31626016833981,update_ad_set_budget,66.0,39.6,
2026-06-10 23:21:01.974687+00,adset,730111022034813676,ui_update_budget,20.32,16.51,
2026-06-10 19:30:04+00,adset,31626016833981,update_ad_set_budget,82.51,66.0,
2026-06-10 18:01:31.095523+00,adset,730129450634378122,ui_update_budget,1.27,3.81,
2026-06-10 16:56:21.19703+00,adset,730116715642536551,ui_adjust_budget,3.81,6.32,
2026-06-10 16:56:21.162023+00,adset,31694974403917,ui_adjust_budget,3.81,6.32,
2026-06-10 16:56:20.890374+00,adset,730117900317539969,ui_adjust_budget,5.08,8.43,
2026-06-10 16:52:53.011534+00,adset,31124145056204,ui_update_budget,5.08,8.89,
2026-06-10 16:43:34.549356+00,campaign,,ui_adjust_budget,2.13,1.92,
2026-06-10 16:43:34.534836+00,campaign,,ui_adjust_budget,2.57,2.31,
2026-06-10 16:43:34.527561+00,campaign,,ui_adjust_budget,2.48,2.24,
2026-06-10 16:42:51.426618+00,adset,730119487809115633,ui_update_budget,6.35,3.81,
2026-06-10 16:42:40.306639+00,adset,730192108559844581,ui_adjust_budget,3.81,2.54,
2026-06-10 16:42:40.284524+00,adset,730130006681702129,ui_adjust_budget,3.81,2.54,
2026-06-10 16:42:40.21204+00,campaign,,ui_adjust_budget,3.81,2.54,
2026-06-10 16:40:56.474311+00,adset,730133449847980886,ui_adjust_budget,2.48,1.98,
2026-06-10 16:40:56.435177+00,adset,730127959620269389,ui_adjust_budget,5.08,4.06,
2026-06-10 16:40:56.400322+00,adset,730131055006514133,ui_adjust_budget,3.05,2.44,
2026-06-10 16:40:56.385107+00,adset,730121683624182281,ui_adjust_budget,3.05,2.44,
2026-06-10 16:40:56.347512+00,adset,730119979220314198,ui_adjust_budget,53.24,42.6,
2026-06-10 16:38:50.642874+00,adset,730115798095752516,ui_adjust_budget,26.92,39.62,
2026-06-10 16:37:44.42611+00,campaign,,ui_update_budget,3.81,6.35,
2026-06-10 16:37:28.546393+00,adset,730150812662227028,ui_update_budget,6.35,12.7,
2026-06-10 15:52:54.600445+00,adset,730122555309628988,ui_update_budget,1.27,3.81,
2026-06-10 15:51:40.231427+00,adset,31278865310814,ui_update_budget,1.27,3.81,
2026-06-10 15:14:28.096921+00,adset,730162747561997773,ui_update_budget,1.27,3.81,
2026-06-10 15:06:40.035002+00,campaign,,ui_adjust_budget,1.27,1.27,
2026-06-10 15:06:28.178344+00,campaign,,ui_adjust_budget,1.27,1.27,
2026-06-10 15:06:18.99246+00,campaign,,ui_adjust_budget,19.05,15.24,
2026-06-10 15:06:18.863949+00,campaign,,ui_adjust_budget,1.27,1.27,
2026-06-10 13:54:48.967819+00,campaign,,ui_adjust_budget,12.7,8.89,
2026-06-10 13:50:08.580092+00,adset,730131929701188206,ui_update_budget,3.81,2.54,
2026-06-10 13:50:03.277445+00,adset,730110190485390584,ui_update_budget,1.9,1.27,
2026-06-10 13:49:51.478515+00,campaign,,ui_update_budget,1.27,3.81,
2026-06-10 13:49:50+00,campaign,,update_campaign_budget,1.27,3.81,
2026-06-10 13:47:48.304825+00,campaign,,ui_update_budget,4.44,6.35,
2026-06-10 13:47:46.308075+00,adset,730177201267065733,ui_adjust_budget,10.38,16.73,
2026-06-10 13:47:46.229162+00,adset,730117576322941540,ui_adjust_budget,11.43,17.78,
2026-06-10 13:47:29.694474+00,adset,730125516653624607,ui_update_budget,6.35,12.7,
2026-06-10 13:47:29.675996+00,adset,730125157442067292,ui_update_budget,6.35,12.7,
2026-06-10 13:47:06.325941+00,adset,730114281522580260,ui_update_budget,6.35,12.7,
2026-06-10 13:47:06.273528+00,adset,730124633804344724,ui_update_budget,6.35,12.7,
2026-06-10 13:46:54.561304+00,adset,730114082710212228,ui_update_budget,12.7,19.05,
2026-06-10 13:46:28.400835+00,adset,730128434697262830,ui_update_budget,19.05,25.4,
2026-06-10 13:46:27+00,adset,730128434697262830,update_ad_set_budget,19.05,25.4,
2026-06-10 13:46:20.955135+00,adset,730124434859064417,ui_update_budget,5.08,8.89,
2026-06-10 13:45:47.269291+00,adset,730114417339432425,ui_update_budget,5.08,6.35,
2026-06-10 13:45:09.695428+00,adset,730114417339432425,ui_update_budget,2.54,5.08,
2026-06-10 13:45:08+00,adset,730114417339432425,update_ad_set_budget,2.54,5.08,
2026-06-10 13:44:56.569972+00,adset,730131057235610353,ui_adjust_budget,25.4,30.48,
2026-06-10 13:40:48.482249+00,adset,730156675027409700,ui_update_budget,1.27,3.81,
2026-06-10 12:04:08.061623+00,adset,730133839938058150,ui_adjust_budget,4.83,8.2,"CPM spiked, cutting"
2026-06-10 12:01:28.941519+00,campaign,,ui_adjust_budget,6.35,19.05,
2026-06-10 12:00:42.501394+00,adset,31243712380589,ui_update_budget,2.67,6.35,
2026-06-10 12:00:42.409604+00,adset,31124038476129,ui_update_budget,3.81,6.35,
2026-06-10 11:57:19.191055+00,adset,31694974403917,ui_update_budget,1.27,3.81,
2026-06-10 11:51:02.518547+00,adset,730117900317539969,ui_update_budget,2.54,5.08,
2026-06-10 11:44:08.179272+00,adset,730124434859064417,ui_update_budget,2.67,5.08,
2026-06-10 11:41:29.86424+00,adset,730117576322941540,ui_update_budget,8.85,11.43,
2026-06-10 11:36:42.915715+00,adset,730125738085033886,ui_update_budget,1.27,3.81,
2026-06-10 11:36:40.030369+00,campaign,,ui_update_budget,1.27,3.81,
2026-06-10 11:36:26.922526+00,campaign,,ui_update_budget,9.14,12.7,
2026-06-10 11:24:33.055858+00,adset,730124633804344724,ui_update_budget,3.81,6.35,
2026-06-10 11:11:53.422525+00,adset,730118943503085684,ui_update_budget,3.81,3.81,
2026-06-10 11:11:53.420236+00,adset,730118943503085684,ui_update_budget,3.81,3.81,
2026-06-10 11:11:53.312182+00,adset,730118943503085684,ui_update_budget,3.81,3.81,
2026-06-10 11:08:38.66662+00,adset,730118943503085684,ui_update_budget,1.27,3.81,
2026-06-10 11:07:23.936565+00,adset,730126527884690880,ui_update_budget,1.27,3.81,
2026-06-10 11:06:37.31126+00,campaign,,ui_update_budget,1.27,3.81,
2026-06-10 11:06:36.941581+00,adset,730116715642536551,ui_update_budget,1.27,3.81,"CPM spiked, cutting"
2026-06-10 11:06:36.602548+00,adset,31635294425899,ui_update_budget,1.27,3.81,
2026-06-10 11:06:36.410259+00,adset,31276831698409,ui_update_budget,1.27,3.81,
2026-06-10 11:06:36.262577+00,adset,730122709357812221,ui_update_budget,1.27,3.81,
2026-06-10 11:05:49.7727+00,adset,730177201267065733,ui_adjust_budget,12.97,10.38,
2026-06-10 10:54:32.273972+00,adset,730114281522580260,ui_update_budget,3.81,6.35,
2026-06-10 10:51:18.740431+00,adset,730150929494844775,ui_update_budget,6.35,12.7,
2026-06-10 10:51:10.574625+00,adset,730119465202368916,ui_update_budget,3.05,6.35,
2026-06-10 10:50:47.654898+00,adset,730125087398796770,ui_adjust_budget,6.35,5.08,
2026-06-10 10:49:00.560992+00,campaign,,ui_update_budget,1.27,3.81,
2026-06-10 09:39:37.716818+00,campaign,,ui_adjust_budget,3.05,2.13,
2026-06-10 09:39:37.709965+00,adset,730130505344597328,ui_adjust_budget,12.7,8.89,
2026-06-10 09:38:36.642176+00,campaign,,ui_update_budget,1.27,3.81,
2026-06-10 09:38:18.382174+00,campaign,,ui_update_budget,12.7,19.05,
2026-06-10 09:08:41.809934+00,adset,730127988250776273,ui_adjust_budget,80.98,97.17,
2026-06-10 09:01:22.790953+00,campaign,,ui_adjust_budget,3.66,2.57,
2026-06-10 09:01:22.737019+00,campaign,,ui_adjust_budget,6.35,4.44,
2026-06-10 09:01:14.629176+00,adset,730111165025674105,ui_update_budget,1.9,1.27,
2026-06-10 09:01:02.765913+00,adset,730131055006514133,ui_adjust_budget,3.81,3.05,
2026-06-10 09:01:02.757264+00,adset,730127959620269389,ui_adjust_budget,6.35,5.08,
2026-06-10 09:01:02.712251+00,adset,730121683624182281,ui_adjust_budget,3.81,3.05,
2026-06-10 09:01:02.43515+00,adset,730119979220314198,ui_adjust_budget,66.55,53.24,
2026-06-10 09:00:49.931252+00,adset,31554978465845,ui_adjust_budget,3.81,1.9,
2026-06-10 09:00:49.567415+00,adset,31209740459647,ui_adjust_budget,6.35,3.18,
2026-06-10 09:00:49.559001+00,adset,31499956809569,ui_adjust_budget,6.35,3.18,
2026-06-10 09:00:49.487544+00,adset,31167350331032,ui_adjust_budget,6.35,3.18,
2026-06-10 09:00:37.59865+00,adset,730131929701188206,ui_adjust_budget,6.35,3.81,
2026-06-10 09:00:37.5889+00,adset,730113018329189375,ui_adjust_budget,10.16,6.1,weekend boost
2026-06-10 09:00:10.791546+00,adset,730110190485390584,ui_adjust_budget,3.81,1.9,
2026-06-10 08:59:37.329089+00,adset,730172018151815904,ui_adjust_budget,2.67,1.74,
2026-06-10 08:59:37.244523+00,campaign,,ui_adjust_budget,3.81,2.48,
2026-06-10 08:59:37.122532+00,adset,730133449847980886,ui_adjust_budget,3.81,2.48,
2026-06-10 08:59:37.090526+00,adset,31558558342930,ui_adjust_budget,3.81,2.48,
2026-06-10 08:59:36.760548+00,campaign,,ui_adjust_budget,10.16,6.6,
2026-06-10 08:59:34.577862+00,adset,730115622422491215,ui_update_budget,3.81,1.27,
2026-06-10 08:59:34.466518+00,adset,730119801657625147,ui_update_budget,5.08,1.27,
2026-06-10 08:59:34.393306+00,adset,730133022053654014,ui_update_budget,1.9,1.27,
2026-06-10 08:59:34.339494+00,adset,730111660330956057,ui_update_budget,3.81,1.27,
2026-06-10 08:59:18.461336+00,adset,730127686569001839,ui_update_budget,6.35,1.9,
2026-06-10 08:57:21.496667+00,adset,730150234616497093,ui_adjust_budget,2.54,1.27,
2026-06-10 08:52:14.31387+00,adset,730132393309052497,ui_update_budget,2.54,5.08,
2026-06-10 08:52:02.115856+00,campaign,,ui_update_budget,1.27,3.81,
2026-06-10 08:51:37.890761+00,adset,730124934416626981,ui_adjust_budget,3.81,2.54,
2026-06-10 08:51:37.833083+00,adset,730112373699429645,ui_adjust_budget,3.81,2.54,
2026-06-10 08:51:37.690383+00,adset,730128237963253682,ui_adjust_budget,3.81,2.54,
2026-06-10 08:49:28.247073+00,adset,730115798095752516,ui_adjust_budget,14.22,26.92,
2026-06-10 08:49:22.093699+00,adset,730119875479397057,ui_adjust_budget,17.78,16.0,
2026-06-10 08:48:27.978002+00,adset,730130006681702129,ui_update_budget,1.6,3.81,
2026-06-10 08:48:27.948784+00,adset,730192108559844581,ui_update_budget,1.9,3.81,
2026-06-10 08:48:08.565773+00,adset,730125516653624607,ui_update_budget,3.81,6.35,
2026-06-10 08:48:08.534473+00,adset,730119487809115633,ui_update_budget,3.81,6.35,
2026-06-10 08:48:08.494108+00,adset,730125157442067292,ui_update_budget,3.42,6.35,
2026-06-10 08:47:47.208258+00,adset,730114082710212228,ui_update_budget,6.86,12.7,
2026-06-10 08:47:21.269139+00,adset,730128434697262830,ui_update_budget,17.42,19.05,
2026-06-10 08:45:29.609664+00,adset,730131057235610353,ui_update_budget,18.39,25.4,
2026-06-10 08:45:28+00,adset,730131057235610353,update_ad_set_budget,18.39,25.4,
2026-06-09 16:49:07.450768+00,adset,730128082165783322,ui_adjust_budget,12.7,10.16,
2026-06-09 16:48:23.04385+00,adset,730119959190863707,ui_update_budget,2.54,5.08,
2026-06-09 16:48:23.036241+00,adset,730122691141682218,ui_update_budget,2.54,5.08,
2026-06-09 16:48:21+00,adset,730122691141682218,update_ad_set_budget,2.54,5.08,
2026-06-09 16:48:21+00,adset,730119959190863707,update_ad_set_budget,2.54,5.08,
2026-06-09 16:45:37.659784+00,adset,730111660330956057,ui_update_budget,1.27,3.81,"rotating creative tomorrow, hold budget"
2026-06-09 16:45:36+00,adset,730111660330956057,update_ad_set_budget,1.27,3.81,
2026-06-09 16:45:21.171198+00,adset,730150812662227028,ui_update_budget,3.81,6.35,
2026-06-09 16:45:19+00,adset,730150812662227028,update_ad_set_budget,3.81,6.35,
2026-06-09 16:45:02.909378+00,campaign,,ui_update_budget,3.81,12.7,
2026-06-09 16:45:02.894267+00,campaign,,ui_update_budget,6.35,12.7,
2026-06-09 16:45:02.88946+00,campaign,,ui_update_budget,6.35,12.7,
2026-06-09 16:45:01+00,campaign,,update_campaign_budget,6.35,12.7,
2026-06-09 16:45:01+00,campaign,,update_campaign_budget,6.35,12.7,
2026-06-09 16:45:01+00,campaign,,update_campaign_budget,3.81,12.7,
2026-06-09 16:44:33.424073+00,campaign,,ui_update_budget,12.7,19.05,
2026-06-09 15:53:16.733151+00,adset,730119801657625147,ui_update_budget,2.54,5.08,
2026-06-09 15:52:41.906754+00,adset,730113018329189375,ui_adjust_budget,12.7,10.16,
2026-06-09 15:50:59.285829+00,adset,730131929701188206,ui_update_budget,3.81,6.35,
2026-06-09 15:50:59.25899+00,adset,730125087398796770,ui_update_budget,3.81,6.35,
2026-06-09 15:50:59.250652+00,adset,730127959620269389,ui_update_budget,3.81,6.35,
2026-06-09 15:50:57+00,adset,730125087398796770,update_ad_set_budget,3.81,6.35,
2026-06-09 15:50:57+00,adset,730131929701188206,update_ad_set_budget,3.81,6.35,
2026-06-09 15:01:55.304631+00,adset,730127686569001839,ui_update_budget,3.81,6.35,
2026-06-09 14:48:29.325059+00,campaign,,ui_adjust_budget,4.14,3.31,
2026-06-09 14:12:26.018517+00,adset,730129999836227346,ui_adjust_budget,12.27,20.85,
2026-06-09 14:12:26.000815+00,adset,730129999836227346,ui_adjust_budget,12.27,20.85,
2026-06-09 14:12:25.966254+00,adset,730129999836227346,ui_adjust_budget,12.27,20.85,
2026-06-09 14:12:25.91252+00,adset,31273956645572,ui_adjust_budget,8.0,13.6,
2026-06-09 14:12:25.900527+00,adset,31273956645572,ui_adjust_budget,8.0,13.6,
2026-06-09 14:12:25.877476+00,adset,31273956645572,ui_adjust_budget,8.0,13.6,
2026-06-09 14:06:52.107597+00,adset,31191755212537,ui_update_budget,7.62,12.7,
2026-06-09 14:06:02.121877+00,adset,31239959394500,ui_update_budget,3.81,6.35,
2026-06-09 14:06:02.096117+00,campaign,,ui_update_budget,3.81,6.35,
2026-06-09 14:04:47.044893+00,adset,730111022034813676,ui_update_budget,7.62,20.32,
2026-06-09 14:02:31.175996+00,adset,730133942771629693,ui_update_budget,2.92,6.35,
2026-06-09 14:02:30.965266+00,adset,31209740459647,ui_update_budget,3.81,6.35,
2026-06-09 14:02:30.954532+00,adset,31499956809569,ui_update_budget,3.81,6.35,
2026-06-09 13:58:48.029191+00,campaign,,ui_update_budget,1.27,3.81,
2026-06-09 13:58:47.576522+00,adset,730124934416626981,ui_update_budget,1.27,3.81,
2026-06-09 13:57:11.576672+00,adset,730128237963253682,ui_update_budget,1.27,3.81,
2026-06-09 13:57:11.567936+00,adset,730124633804344724,ui_update_budget,1.27,3.81,
2026-06-09 13:57:11.559025+00,adset,730114281522580260,ui_update_budget,1.27,3.81,
2026-06-09 13:57:11.537468+00,adset,730127795690969821,ui_update_budget,1.27,3.81,
2026-06-09 13:57:11.52852+00,campaign,,ui_update_budget,1.27,3.81,
2026-06-09 13:52:32.918396+00,adset,730115622422491215,ui_update_budget,2.54,3.81,
2026-06-09 13:52:32.91055+00,adset,730131055006514133,ui_update_budget,2.54,3.81,
2026-06-09 13:51:48.301478+00,adset,730112373699429645,ui_update_budget,1.27,3.81,
2026-06-09 13:50:58.566454+00,campaign,,ui_adjust_budget,4.06,3.66,
2026-06-09 13:50:58.560533+00,adset,730114082710212228,ui_adjust_budget,7.62,6.86,
2026-06-09 13:50:58.551566+00,campaign,,ui_adjust_budget,10.16,9.14,
2026-06-09 13:50:56+00,campaign,,update_campaign_budget,4.06,3.66,
2026-06-09 13:50:56+00,adset,730114082710212228,update_ad_set_budget,7.62,6.86,
2026-06-09 13:50:42.581128+00,adset,730128004667567981,ui_adjust_budget,3.81,2.54,
2026-06-09 13:50:28.021789+00,adset,730125516653624607,ui_update_budget,6.35,3.81,
2026-06-09 13:50:27+00,adset,730125516653624607,update_ad_set_budget,6.35,3.81,
2026-06-09 13:50:22.63559+00,adset,730115798095752516,ui_adjust_budget,17.78,14.22,
2026-06-09 13:50:22.626322+00,campaign,,ui_adjust_budget,12.7,10.16,
2026-06-09 13:50:20+00,campaign,,update_campaign_budget,12.7,10.16,
2026-06-09 13:49:45.841021+00,adset,730154161545029194,ui_adjust_budget,5.08,4.06,
2026-06-09 13:49:45.7625+00,campaign,,ui_adjust_budget,3.81,3.05,testing new bid
2026-06-09 13:49:44+00,adset,730154161545029194,update_ad_set_budget,5.08,4.06,
2026-06-09 13:49:44+00,campaign,,update_campaign_budget,3.81,3.05,
2026-06-09 13:49:21.548992+00,campaign,,ui_update_budget,1.46,1.27,
2026-06-09 13:49:18+00,campaign,,update_campaign_budget,1.46,1.27,
2026-06-09 13:48:38.087724+00,adset,730180390900194670,ui_adjust_budget,16.51,13.21,
2026-06-09 13:48:36+00,adset,730180390900194670,update_ad_set_budget,16.51,13.21,
2026-06-09 13:48:30.524527+00,adset,730116787005978704,ui_update_budget,6.35,3.81,
2026-06-09 13:47:51.552538+00,campaign,,ui_update_budget,1.9,1.27,
2026-06-09 13:47:50+00,campaign,,update_campaign_budget,1.9,1.27,
2026-06-09 13:47:02.408605+00,adset,730133449847980886,ui_update_budget,2.03,3.81,
2026-06-09 13:47:01+00,adset,730133449847980886,update_ad_set_budget,2.03,3.81,
2026-06-09 13:46:53.335517+00,adset,730150929494844775,ui_update_budget,3.81,6.35,
2026-06-09 13:46:49+00,adset,730150929494844775,update_ad_set_budget,3.81,6.35,
2026-06-09 12:40:10.945624+00,adset,730150812662227028,ui_update_budget,2.54,3.81,
2026-06-09 12:40:10.938971+00,adset,730126596433908050,ui_update_budget,2.54,3.81,
2026-06-09 12:33:02.654497+00,adset,730110190485390584,ui_update_budget,5.08,3.81,
2026-06-09 12:32:13.243193+00,campaign,,ui_update_budget,3.81,2.54,
2026-06-09 12:31:23.625593+00,adset,730119979220314198,ui_adjust_budget,53.85,66.55,
2026-06-09 12:30:01.228115+00,campaign,,ui_update_budget,3.81,6.35,
2026-06-09 12:30:01.221224+00,campaign,,ui_update_budget,3.81,6.35,
2026-06-09 12:30:01.213674+00,campaign,,ui_update_budget,3.81,6.35,
2026-06-09 12:29:02.63679+00,adset,730128082165783322,ui_update_budget,6.35,12.7,
2026-06-09 12:29:02.624163+00,adset,730128082165783322,ui_update_budget,6.35,12.7,
2026-06-09 12:29:02.622073+00,adset,730128082165783322,ui_update_budget,6.35,12.7,
2026-06-09 10:37:19.476611+00,campaign,,ui_adjust_budget,6.35,3.81,
2026-06-09 10:36:22.821702+00,adset,730111165025674105,ui_update_budget,2.73,1.9,
2026-06-09 09:41:06.288541+00,adset,730130255256391048,ui_update_budget,1.27,3.81,
2026-06-09 09:41:06.27541+00,adset,730128004667567981,ui_update_budget,1.27,3.81,
2026-06-09 09:41:06.247046+00,campaign,,ui_update_budget,1.27,3.81,
2026-06-09 09:41:06.200044+00,adset,730150929494844775,ui_update_budget,2.54,3.81,
2026-06-09 09:41:06.171415+00,adset,730127959620269389,ui_update_budget,2.54,3.81,
2026-06-09 09:37:43.846068+00,campaign,,ui_update_budget,1.6,4.14,
2026-06-09 09:00:46.087178+00,adset,730117900317539969,ui_update_budget,3.81,2.54,
2026-06-09 09:00:45.998373+00,adset,730133788309675530,ui_update_budget,3.81,2.54,
2026-06-09 09:00:45.897995+00,adset,730114417339432425,ui_update_budget,3.81,2.54,
2026-06-09 09:00:45.887415+00,adset,730150234616497093,ui_update_budget,3.81,2.54,
2026-06-09 09:00:45.828239+00,adset,730195024330987626,ui_update_budget,3.81,2.54,
2026-06-09 09:00:45.807643+00,adset,730129061995601805,ui_update_budget,3.81,2.54,
2026-06-09 08:52:26.574222+00,adset,730177201267065733,ui_adjust_budget,14.4,12.97,
2026-06-09 07:58:44.18785+00,adset,730115798095752516,ui_adjust_budget,5.08,17.78,
2026-06-09 07:58:44.029594+00,adset,730180390900194670,ui_adjust_budget,3.81,16.51,
2026-06-09 07:58:19.490285+00,adset,730113018329189375,ui_update_budget,6.35,12.7,
2026-06-09 07:57:49.692351+00,adset,730125087398796770,ui_update_budget,1.27,3.81,
2026-06-09 07:57:49.673463+00,adset,730131929701188206,ui_update_budget,1.27,3.81,
2026-06-09 07:57:49.664011+00,adset,730131939241819038,ui_update_budget,1.27,3.81,
2026-06-09 07:57:49.597378+00,adset,730119487809115633,ui_update_budget,3.2,3.81,
2026-06-09 07:57:49.575418+00,campaign,,ui_update_budget,2.54,3.81,
2026-06-09 07:57:49.570289+00,campaign,,ui_update_budget,2.54,3.81,
2026-06-09 07:57:29.502943+00,adset,730116787005978704,ui_update_budget,3.81,6.35,
2026-06-09 07:57:29.467036+00,adset,730128082165783322,ui_update_budget,3.81,6.35,
2026-06-09 07:57:29.44223+00,adset,730125516653624607,ui_update_budget,3.81,6.35,
2026-06-09 07:57:03.396728+00,campaign,,ui_update_budget,6.35,12.7,
2026-06-09 07:57:03.376587+00,campaign,,ui_update_budget,6.35,12.7,
2026-06-09 07:53:49.145846+00,campaign,,ui_adjust_budget,3.81,2.67,
2026-06-09 07:53:49.139374+00,adset,730130198211034203,ui_adjust_budget,6.35,4.44,
2026-06-09 07:53:30.19898+00,adset,730133449847980886,ui_adjust_budget,2.54,2.03,
2026-06-09 07:53:30.136877+00,campaign,,ui_adjust_budget,5.08,4.06,
2026-06-09 07:53:30.126321+00,adset,730154161545029194,ui_adjust_budget,6.35,5.08,
2026-06-09 07:53:30.09319+00,campaign,,ui_adjust_budget,12.7,10.16,
2026-06-09 07:53:07.702659+00,campaign,,ui_adjust_budget,6.35,3.81,
2026-06-09 07:53:07.602369+00,campaign,,ui_adjust_budget,6.35,3.81,
2026-06-09 07:52:45.155524+00,campaign,,ui_adjust_budget,3.81,1.9,
2026-06-09 07:51:42.488051+00,campaign,,ui_update_budget,2.74,1.27,
2026-06-09 07:51:20.665976+00,campaign,,ui_update_budget,3.81,1.27,
2026-06-09 07:51:20.581572+00,campaign,,ui_update_budget,6.35,1.27,
2026-06-09 07:51:20.572911+00,campaign,,ui_update_budget,2.67,1.27,
2026-06-09 07:51:20.556983+00,campaign,,ui_update_budget,3.81,1.27,
2026-06-09 07:51:20.552961+00,campaign,,ui_update_budget,5.08,1.27,
2026-06-09 07:50:52.051362+00,adset,730192108559844581,ui_update_budget,3.81,1.9,
2026-06-09 07:50:48.204341+00,adset,730133022053654014,ui_update_budget,3.42,1.9,
2026-06-09 06:32:41.416517+00,adset,730117093264226298,ui_adjust_budget,1.27,1.27,
2026-06-09 06:32:41.051127+00,adset,31694974403917,ui_adjust_budget,1.27,1.27,
2026-06-09 06:32:40.848518+00,adset,730125738085033886,ui_adjust_budget,1.27,1.27,
2026-06-09 06:32:40.274451+00,adset,730162747561997773,ui_adjust_budget,1.27,1.27,
2026-06-09 06:32:40.270526+00,campaign,,ui_adjust_budget,1.83,1.46,
2026-06-09 06:32:40.20207+00,adset,730118951732469174,ui_adjust_budget,1.9,1.52,
2026-06-09 06:32:39.486336+00,adset,730111195063682780,ui_adjust_budget,54.61,43.69,
2026-06-09 06:31:45.836523+00,adset,730162747561997773,ui_adjust_budget,3.56,1.27,
2026-06-09 06:31:45.071134+00,adset,31694974403917,ui_adjust_budget,5.08,1.27,
2026-06-09 06:31:44.796361+00,adset,730110519463104915,ui_adjust_budget,7.62,1.27,
2026-06-09 06:31:44.558518+00,adset,730125738085033886,ui_adjust_budget,12.7,1.27,
2026-06-09 06:31:44.48688+00,adset,730117093264226298,ui_adjust_budget,13.21,1.27,
2026-06-09 06:31:44.089306+00,campaign,,ui_adjust_budget,19.66,1.27,
2026-06-09 06:31:43.509223+00,adset,730111195063682780,ui_adjust_budget,80.01,54.61,
2026-06-09 06:27:57.631355+00,adset,31243712380589,ui_adjust_budget,3.81,2.67,
2026-06-09 06:27:57.609215+00,adset,31190610559771,ui_adjust_budget,3.81,2.67,
2026-06-09 06:27:57.470952+00,adset,730124434859064417,ui_adjust_budget,3.81,2.67,
2026-06-09 06:27:57.441514+00,adset,730126086857621673,ui_adjust_budget,3.81,2.67,
2026-06-09 06:27:57.386668+00,adset,730172018151815904,ui_adjust_budget,3.81,2.67,
2026-06-09 06:27:56.840942+00,adset,730132947170847149,ui_adjust_budget,5.08,3.56,
2026-06-09 06:27:56.719273+00,adset,730124344511657553,ui_adjust_budget,6.22,4.36,
2026-06-09 06:27:56.432106+00,adset,730121092582511364,ui_adjust_budget,7.62,5.33,
2026-06-09 06:27:56.203515+00,adset,730117576322941540,ui_adjust_budget,12.64,8.85,
2026-06-09 06:27:55.740564+00,adset,730128434697262830,ui_adjust_budget,24.89,17.42,
2026-06-09 06:27:55.718175+00,adset,730119875479397057,ui_adjust_budget,25.4,17.78,
2026-06-09 06:27:55.474894+00,adset,730131057235610353,ui_adjust_budget,26.26,18.39,
2026-06-09 06:27:55.181158+00,adset,730127988250776273,ui_adjust_budget,115.67,80.98,
2026-06-09 06:26:38.283057+00,adset,730111639108940228,ui_adjust_budget,1.98,1.27,
2026-06-09 06:26:37.573523+00,adset,730114216770580941,ui_adjust_budget,2.79,1.68,
2026-06-09 06:26:37.115119+00,adset,730123936159473658,ui_adjust_budget,3.81,2.29,
2026-06-09 06:26:36.959196+00,adset,730125263319729979,ui_adjust_budget,3.81,2.29,
2026-06-09 06:26:36.494865+00,adset,730111165025674105,ui_adjust_budget,4.55,2.73,
2026-06-09 06:26:36.415522+00,adset,730119465202368916,ui_adjust_budget,5.08,3.05,
2026-06-09 06:26:36.399769+00,adset,730125524362224713,ui_adjust_budget,5.08,3.05,
2026-06-09 06:26:36.281529+00,adset,31326123629255,ui_adjust_budget,5.08,3.05,
2026-06-09 06:26:36.267888+00,adset,730125157442067292,ui_adjust_budget,5.69,3.42,
2026-06-09 06:26:36.255096+00,adset,730133022053654014,ui_adjust_budget,5.69,3.42,
2026-06-09 06:26:36.199585+00,campaign,,ui_adjust_budget,6.35,3.81,"rotating creative tomorrow, hold budget"
2026-06-09 06:26:35.596753+00,adset,730114082710212228,ui_adjust_budget,12.7,7.62,
2026-06-08 16:52:31.203146+00,campaign,,ui_adjust_budget,3.81,2.54,
2026-06-08 16:52:31.182139+00,campaign,,ui_adjust_budget,5.08,3.81,
2026-06-08 16:52:31.145361+00,adset,730133449847980886,ui_adjust_budget,3.81,2.54,
2026-06-08 16:52:31.136426+00,adset,730125516653624607,ui_adjust_budget,5.08,3.81,
2026-06-08 16:52:31.126857+00,adset,730126086857621673,ui_adjust_budget,5.08,3.81,
2026-06-08 16:52:14.704869+00,adset,730119487809115633,ui_adjust_budget,3.56,3.2,
2026-06-08 16:52:14.658784+00,campaign,,ui_adjust_budget,3.05,2.74,
2026-06-08 16:51:11.507415+00,adset,730111165025674105,ui_adjust_budget,5.69,4.55,
2026-06-08 16:49:33.603748+00,campaign,,ui_update_budget,3.81,6.35,
2026-06-08 16:49:30.707943+00,campaign,,ui_update_budget,1.27,3.81,
2026-06-08 16:49:13.985677+00,adset,730130505344597328,ui_update_budget,6.35,12.7,
2026-06-08 15:40:10.554918+00,campaign,,ui_update_budget,1.27,3.81,
2026-06-08 15:40:06.129668+00,campaign,,ui_update_budget,2.54,5.08,
2026-06-08 15:39:07.771251+00,campaign,,ui_update_budget,5.08,6.35,
2026-06-08 15:39:07.767275+00,adset,730113018329189375,ui_update_budget,5.08,6.35,
2026-06-08 15:38:46.648921+00,campaign,,ui_update_budget,5.08,6.35,
2026-06-08 15:38:46.63868+00,campaign,,ui_update_budget,5.08,6.35,
2026-06-08 15:38:46.611037+00,adset,730154161545029194,ui_update_budget,3.81,6.35,
2026-06-08 15:37:37.552167+00,adset,730116787005978704,ui_update_budget,1.27,3.81,
2026-06-08 15:14:35.306318+00,campaign,,ui_update_budget,6.35,3.81,
2026-06-08 15:14:35.302463+00,adset,730128082165783322,ui_update_budget,6.35,3.81,
2026-06-08 15:13:02.904557+00,campaign,,ui_adjust_budget,3.1,1.83,
2026-06-08 15:13:02.896557+00,campaign,,ui_adjust_budget,3.1,1.83,
2026-06-08 15:12:25.540374+00,campaign,,ui_adjust_budget,1.27,1.27,
2026-06-08 15:11:21.431421+00,campaign,,ui_adjust_budget,2.54,1.27,
2026-06-08 15:10:19.098146+00,campaign,,ui_adjust_budget,4.37,3.1,
2026-06-08 15:10:19.029665+00,campaign,,ui_adjust_budget,3.81,2.54,
2026-06-08 15:09:46.516345+00,adset,730110924165009300,ui_update_budget,2.54,1.27,
2026-06-08 15:08:35.556027+00,adset,730121092582511364,ui_update_budget,15.24,7.62,
2026-06-08 15:08:20.363539+00,campaign,,ui_adjust_budget,3.81,2.54,
2026-06-08 15:08:03.568409+00,adset,730130006681702129,ui_adjust_budget,1.78,1.6,
2026-06-08 15:08:03.558788+00,campaign,,ui_adjust_budget,1.78,1.6,
2026-06-08 15:08:03.550503+00,campaign,,ui_adjust_budget,1.78,1.6,
2026-06-08 15:07:05.270167+00,adset,730135109436060243,ui_update_budget,5.08,3.81,
2026-06-08 15:06:59.706448+00,adset,730113809941508154,ui_update_budget,1.83,1.27,
2026-06-08 15:02:53.33734+00,adset,730125524362224713,ui_update_budget,2.54,5.08,
2026-06-08 15:02:45.771167+00,adset,730121683624182281,ui_update_budget,2.54,3.81,
2026-06-08 15:01:31.008273+00,campaign,,ui_update_budget,4.83,6.35,
2026-06-08 15:01:11.181365+00,adset,730114082710212228,ui_update_budget,6.35,12.7,
2026-06-08 14:06:10.664526+00,campaign,,ui_update_budget,2.54,5.08,
2026-06-08 14:05:38.340875+00,adset,730192108559844581,ui_update_budget,2.54,3.81,
2026-06-08 14:03:17.702204+00,adset,730127686569001839,ui_update_budget,1.27,3.81,
2026-06-08 14:03:17.675875+00,adset,730172018151815904,ui_update_budget,1.27,3.81,
2026-06-08 14:03:17.659157+00,campaign,,ui_update_budget,3.05,3.81,
2026-06-08 14:03:00.490328+00,adset,730130198211034203,ui_update_budget,3.81,6.35,
2026-06-08 14:03:00.315481+00,campaign,,ui_update_budget,3.81,6.35,
2026-06-08 14:03:00.212148+00,campaign,,ui_update_budget,3.81,6.35,
2026-06-08 14:02:26.51936+00,campaign,,ui_update_budget,6.35,12.7,
2026-06-08 14:02:26.476517+00,adset,730125738085033886,ui_update_budget,6.35,12.7,
2026-06-08 14:01:13.851745+00,adset,730111195063682780,ui_update_budget,53.34,80.01,
2026-06-08 14:01:06.787227+00,adset,730111022034813676,ui_update_budget,5.08,7.62,
2026-06-08 13:59:40.252354+00,adset,31694974403917,ui_update_budget,3.81,5.08,
2026-06-08 13:59:40.237286+00,campaign,,ui_update_budget,3.81,5.08,
2026-06-08 13:59:40.233369+00,adset,31326123629255,ui_update_budget,3.81,5.08,
2026-06-08 13:59:39.940757+00,adset,730119465202368916,ui_update_budget,3.81,5.08,
2026-06-08 13:59:31.947395+00,adset,730131057235610353,ui_adjust_budget,21.88,26.26,
2026-06-08 13:59:26.392275+00,adset,31694974403917,ui_update_budget,1.27,3.81,
2026-06-08 13:59:26.362585+00,campaign,,ui_update_budget,1.27,3.81,
2026-06-08 13:59:26.357066+00,adset,31326123629255,ui_update_budget,1.27,3.81,
2026-06-08 13:59:25.881864+00,adset,730119465202368916,ui_update_budget,1.27,3.81,
2026-06-08 13:56:34.71943+00,adset,31209740459647,ui_update_budget,1.27,3.81,
2026-06-08 13:56:34.7124+00,adset,31275731845445,ui_update_budget,1.27,3.81,
2026-06-08 13:56:34.70393+00,adset,31554978465845,ui_update_budget,1.27,3.81,
2026-06-08 13:56:34.393518+00,adset,730133788309675530,ui_update_budget,1.27,3.81,
2026-06-08 13:56:34.382286+00,adset,730195024330987626,ui_update_budget,1.27,3.81,
2026-06-08 13:51:09.468456+00,adset,730117900317539969,ui_update_budget,2.54,3.81,
2026-06-08 13:49:58.075662+00,adset,730129061995601805,ui_update_budget,1.27,3.81,
2026-06-08 13:49:57.962508+00,adset,730114417339432425,ui_update_budget,1.27,3.81,
2026-06-08 13:49:57.720616+00,adset,730125263319729979,ui_update_budget,1.27,3.81,
2026-06-08 11:53:18.427935+00,campaign,,ui_adjust_budget,3.81,3.05,
2026-06-08 11:52:36.307138+00,adset,730131929701188206,ui_update_budget,2.54,1.27,
2026-06-08 11:52:33.942979+00,adset,730125356221146453,ui_update_budget,3.81,1.9,
2026-06-08 11:52:21.890148+00,adset,730125087398796770,ui_adjust_budget,2.54,1.27,
2026-06-08 11:52:02.453588+00,campaign,,ui_adjust_budget,3.81,2.67,
2026-06-08 11:52:02.443113+00,adset,730119487809115633,ui_adjust_budget,5.08,3.56,
2026-06-08 11:52:02.409388+00,adset,730111165025674105,ui_adjust_budget,8.13,5.69,
2026-06-08 11:52:02.407085+00,adset,730128434697262830,ui_adjust_budget,35.56,24.89,
2026-06-08 11:52:02.289499+00,adset,730162747561997773,ui_adjust_budget,5.08,3.56,
2026-06-08 11:49:56.217484+00,adset,730119979220314198,ui_adjust_budget,67.31,53.85,
2026-06-08 11:00:35.472621+00,adset,730154161545029194,ui_update_budget,1.27,3.81,
2026-06-08 10:59:56.083772+00,adset,730123936159473658,ui_update_budget,1.27,3.81,
2026-06-08 10:59:56.070336+00,adset,730150234616497093,ui_update_budget,1.27,3.81,
2026-06-08 10:59:26.871285+00,adset,730110190485390584,ui_update_budget,2.54,5.08,
2026-06-08 10:59:26.846733+00,adset,730115798095752516,ui_update_budget,2.54,5.08,
2026-06-08 10:59:14.576985+00,adset,730110519463104915,ui_adjust_budget,3.81,7.62,
2026-06-08 10:58:55.640455+00,adset,730113018329189375,ui_update_budget,2.54,5.08,
2026-06-08 10:58:55.631507+00,campaign,,ui_update_budget,2.54,5.08,
2026-06-08 10:58:55.627614+00,campaign,,ui_update_budget,2.54,5.08,
2026-06-08 10:58:08.132793+00,campaign,,ui_update_budget,2.54,5.08,
2026-06-08 10:58:08.080359+00,campaign,,ui_update_budget,2.54,5.08,
2026-06-08 10:57:29.559672+00,campaign,,ui_update_budget,3.81,6.35,
2026-06-08 10:16:40.405426+00,campaign,,ui_adjust_budget,2.54,1.27,
2026-06-08 10:16:40.40251+00,campaign,,ui_adjust_budget,2.54,1.27,
2026-06-08 10:16:40.401524+00,campaign,,ui_adjust_budget,2.54,1.27,
2026-06-08 10:11:02.321735+00,adset,730124861204325890,ui_adjust_budget,5.28,4.01,
2026-06-08 10:11:01.903648+00,adset,730124434859064417,ui_adjust_budget,5.08,3.81,
2026-06-08 10:08:07.535138+00,campaign,,ui_adjust_budget,1.83,4.37,
2026-06-08 10:08:07.516266+00,campaign,,ui_adjust_budget,2.29,4.83,
2026-06-08 10:08:07.507828+00,adset,730125516653624607,ui_adjust_budget,2.54,5.08,
2026-06-08 10:07:26.86984+00,adset,730114082710212228,ui_update_budget,3.81,6.35,
2026-06-08 09:48:51.42052+00,campaign,,ui_adjust_budget,2.92,2.34,
2026-06-08 09:48:50.721455+00,adset,730124344511657553,ui_adjust_budget,7.77,6.22,
2026-06-08 09:48:50.375781+00,campaign,,ui_adjust_budget,24.57,19.66,
2026-06-08 09:47:44.521297+00,adset,730133839938058150,ui_adjust_budget,7.43,4.83,
2026-06-08 09:47:44.37574+00,adset,730117576322941540,ui_adjust_budget,19.43,12.64,
2026-06-08 09:47:44.362387+00,adset,730117093264226298,ui_adjust_budget,20.32,13.21,
2026-06-08 09:46:33.513521+00,adset,730131435815981997,ui_adjust_budget,2.54,1.4,
2026-06-08 09:46:33.495606+00,adset,730162228060849284,ui_adjust_budget,2.54,1.4,
2026-06-08 09:46:32.82687+00,adset,730114216770580941,ui_adjust_budget,5.08,2.79,
2026-06-08 08:53:05.527284+00,adset,730130006681702129,ui_adjust_budget,2.54,1.78,
2026-06-08 08:53:05.505828+00,campaign,,ui_adjust_budget,2.54,1.78,
2026-06-08 08:53:05.496968+00,campaign,,ui_adjust_budget,2.54,1.78,
2026-06-08 08:53:05.427556+00,adset,730125157442067292,ui_adjust_budget,8.13,5.69,
2026-06-08 08:52:48.743957+00,adset,730113809941508154,ui_adjust_budget,2.29,1.83,
2026-06-08 08:52:48.701522+00,adset,730135109436060243,ui_adjust_budget,6.35,5.08,
2026-06-08 08:52:08.208691+00,campaign,,ui_adjust_budget,2.54,1.27,
2026-06-08 08:52:08.064591+00,adset,730133022053654014,ui_adjust_budget,11.38,5.69,
2026-06-08 08:52:08.052302+00,adset,730160161776072987,ui_adjust_budget,10.16,5.08,
2026-06-08 08:52:08.019561+00,adset,730124893679552814,ui_adjust_budget,19.05,9.52,
2026-06-08 08:51:43.398618+00,adset,730194533330845305,ui_update_budget,2.29,1.27,
2026-06-08 08:51:12.445522+00,adset,730114960639330359,ui_update_budget,2.29,1.27,
2026-06-08 08:51:12.424606+00,adset,730131939241819038,ui_update_budget,3.81,1.27,
2026-06-08 08:51:12.404978+00,campaign,,ui_update_budget,2.54,1.27,
2026-06-08 08:51:12.339458+00,campaign,,ui_update_budget,3.81,1.27,budget reset after midnight spike
2026-06-08 08:51:12.257218+00,adset,730172018151815904,ui_update_budget,3.81,1.27,
2026-06-08 08:50:47.926524+00,adset,730118951732469174,ui_update_budget,4.44,1.9,scaling winner
2026-06-08 08:48:37.440467+00,adset,730130198211034203,ui_update_budget,2.54,3.81,
2026-06-08 08:48:05.449584+00,campaign,,ui_update_budget,2.54,3.81,
2026-06-08 08:48:04+00,campaign,,update_campaign_budget,3.81,3.81,
2026-06-08 08:47:58.957427+00,campaign,,ui_update_budget,1.27,3.81,
2026-06-08 08:47:58+00,campaign,,update_campaign_budget,3.81,3.81,
2026-06-08 08:46:55.300086+00,campaign,,ui_update_budget,1.27,3.81,
2026-06-08 08:46:55.27952+00,campaign,,ui_update_budget,1.27,3.81,
2026-06-08 08:46:55.163213+00,campaign,,ui_update_budget,1.27,3.81,
2026-06-08 08:46:54.775016+00,campaign,,ui_update_budget,1.27,3.81,
2026-06-08 08:46:50+00,campaign,,update_campaign_budget,1.27,3.81,
2026-06-08 08:46:50+00,campaign,,update_campaign_budget,1.27,3.81,
2026-06-08 08:46:50+00,campaign,,update_campaign_budget,1.27,3.81,
2026-06-08 08:45:47.321946+00,adset,730126086857621673,ui_update_budget,2.54,5.08,
2026-06-08 08:43:43.18252+00,adset,730133449847980886,ui_update_budget,2.03,3.81,
2026-06-08 08:43:27.34155+00,campaign,,ui_update_budget,3.81,6.35,
2026-06-08 08:43:27.338062+00,adset,730128082165783322,ui_update_budget,3.81,6.35,
2026-06-08 08:43:27.328679+00,adset,730130505344597328,ui_update_budget,3.81,6.35,
2026-06-08 08:43:27.306189+00,adset,730125738085033886,ui_update_budget,3.81,6.35,
2026-06-08 08:42:39.875172+00,adset,730111195063682780,ui_update_budget,35.56,53.34,
2026-06-08 08:41:57.389361+00,adset,730180390900194670,ui_adjust_budget,1.27,3.81,
2026-06-08 08:41:42.54127+00,adset,730121092582511364,ui_adjust_budget,2.54,15.24,
2026-06-08 08:40:44.107369+00,adset,730131057235610353,ui_adjust_budget,18.24,21.88,
2026-06-08 07:57:56.701894+00,campaign,,ui_update_budget,1.27,3.81,
2026-06-08 07:57:39.531005+00,adset,730126019178038939,ui_update_budget,1.27,3.81,lowering - soft day
2026-06-08 07:57:39.463576+00,campaign,,ui_update_budget,1.27,3.81,
2026-06-08 07:57:39.45046+00,adset,730130198211034203,ui_update_budget,2.54,3.81,
2026-06-08 07:57:39.418708+00,campaign,,ui_update_budget,1.27,3.81,
2026-06-08 07:57:39.413891+00,campaign,,ui_update_budget,2.54,3.81,
2026-06-08 07:57:16.881001+00,campaign,,ui_update_budget,1.27,3.81,
2026-06-08 02:00:03+00,adset,31302925337341,update_ad_set_budget,254.0,215.9,
2026-06-07 20:44:59.093393+00,adset,730132171816989772,ui_adjust_budget,13.21,10.57,
2026-06-07 20:44:15.521094+00,adset,730130006681702129,ui_adjust_budget,3.81,2.54,
2026-06-07 20:44:15.495943+00,adset,730125087398796770,ui_adjust_budget,3.81,2.54,
2026-06-07 20:44:15.471156+00,campaign,,ui_adjust_budget,3.81,2.54,
2026-06-07 20:44:15.457401+00,campaign,,ui_adjust_budget,3.81,2.54,
2026-06-07 17:05:39.154557+00,adset,730160161776072987,ui_adjust_budget,12.7,10.16,
2026-06-07 17:05:27.953903+00,adset,730125356221146453,ui_update_budget,6.35,3.81,
2026-06-07 17:05:20.537205+00,adset,730131929701188206,ui_adjust_budget,3.81,2.54,
2026-06-07 17:04:31.369629+00,campaign,,ui_update_budget,4.06,2.54,
2026-06-07 17:04:30+00,campaign,,update_campaign_budget,4.06,2.54,
2026-06-07 15:03:55.117967+00,adset,31302925337341,ui_update_budget,213.89,254.0,
2026-06-07 14:47:33.623031+00,adset,730110924165009300,ui_adjust_budget,3.81,2.54,
2026-06-07 14:47:33.606398+00,adset,730125516653624607,ui_adjust_budget,3.81,2.54,
2026-06-07 14:47:33.533273+00,campaign,,ui_adjust_budget,5.08,3.81,
2026-06-07 14:47:31+00,adset,730110924165009300,update_ad_set_budget,3.81,2.54,
2026-06-07 14:47:31+00,campaign,,update_campaign_budget,5.08,3.81,
2026-06-07 14:47:31+00,adset,730125516653624607,update_ad_set_budget,3.81,2.54,
2026-06-07 14:46:12.150633+00,campaign,,ui_adjust_budget,2.54,2.29,
2026-06-07 14:46:08+00,campaign,,update_campaign_budget,2.54,2.29,
2026-06-07 14:45:27.199312+00,adset,730132171816989772,ui_adjust_budget,16.51,13.21,
2026-06-07 14:45:26+00,adset,730132171816989772,update_ad_set_budget,16.51,13.21,
2026-06-07 14:45:13.878105+00,campaign,,ui_adjust_budget,3.81,2.54,
2026-06-07 14:45:13.86027+00,adset,730121092582511364,ui_adjust_budget,3.81,2.54,
2026-06-07 14:45:12+00,adset,730121092582511364,update_ad_set_budget,3.81,2.54,
2026-06-07 14:45:12+00,campaign,,update_campaign_budget,3.81,2.54,
2026-06-07 14:44:52.750012+00,campaign,,ui_update_budget,3.81,2.54,
2026-06-07 14:44:34.836646+00,campaign,,ui_adjust_budget,2.29,1.83,
2026-06-07 14:41:44.504367+00,campaign,,ui_update_budget,1.27,3.81,
2026-06-07 14:40:25.593909+00,adset,730135109436060243,ui_update_budget,3.81,6.35,
2026-06-07 14:39:01.565588+00,adset,730124893679552814,ui_update_budget,12.7,19.05,
2026-06-07 14:38:15.202398+00,adset,730111195063682780,ui_update_budget,19.05,25.4,
2026-06-07 14:37:43.606552+00,adset,730128434697262830,ui_update_budget,25.4,35.56,
2026-06-07 14:19:32.394075+00,adset,31220849559117,ui_update_budget,1.27,3.81,
2026-06-07 14:19:32.262025+00,adset,31124038476129,ui_update_budget,1.27,3.81,
2026-06-07 14:19:32.186204+00,adset,31239959394500,ui_update_budget,1.27,3.81,
2026-06-07 14:19:32.030854+00,adset,31163018976146,ui_update_budget,1.27,3.81,
2026-06-07 14:19:31.68181+00,adset,31109484111724,ui_update_budget,1.27,3.81,
2026-06-07 14:19:31.651081+00,adset,31708368517351,ui_update_budget,1.27,3.81,
2026-06-07 14:19:31.627906+00,adset,31499956809569,ui_update_budget,1.27,3.81,
2026-06-07 14:19:31.613967+00,adset,31558558342930,ui_update_budget,1.27,3.81,
2026-06-07 14:19:31.583556+00,campaign,,ui_update_budget,2.54,3.81,
2026-06-07 14:16:40.256333+00,adset,730111639108940228,ui_adjust_budget,2.48,1.98,
2026-06-07 14:16:40.083781+00,campaign,,ui_adjust_budget,3.81,3.05,
2026-06-07 14:16:39.738813+00,adset,730119487809115633,ui_adjust_budget,6.35,5.08,
2026-06-07 14:16:39.640148+00,adset,730124861204325890,ui_adjust_budget,6.6,5.28,
2026-06-07 14:16:39.577644+00,adset,730125157442067292,ui_adjust_budget,10.16,8.13,
2026-06-07 14:16:39.551985+00,adset,730111165025674105,ui_adjust_budget,10.16,8.13,
2026-06-07 14:16:39.493267+00,adset,730133253106388878,ui_adjust_budget,11.43,9.14,
2026-06-07 14:16:39.42671+00,adset,730133022053654014,ui_adjust_budget,14.22,11.38,
2026-06-07 14:16:39.182781+00,adset,730131057235610353,ui_adjust_budget,22.8,18.24,
2026-06-07 14:16:39.161983+00,adset,730117093264226298,ui_adjust_budget,25.4,20.32,
2026-06-07 14:16:39.132447+00,campaign,,ui_adjust_budget,30.72,24.57,
2026-06-07 14:16:38.8836+00,adset,31626016833981,ui_adjust_budget,103.14,82.51,
2026-06-07 14:16:38.830631+00,adset,31302925337341,ui_adjust_budget,267.36,213.89,
2026-06-07 14:15:43.472997+00,adset,31808893639076,ui_adjust_budget,7.62,5.33,
2026-06-07 14:15:43.46244+00,adset,730118046412871080,ui_adjust_budget,8.64,6.05,
2026-06-07 14:15:43.375455+00,adset,730124344511657553,ui_adjust_budget,11.1,7.77,
2026-06-07 14:15:43.365202+00,adset,31273956645572,ui_adjust_budget,11.43,8.0,
2026-06-07 14:15:43.211696+00,adset,730177201267065733,ui_adjust_budget,20.57,14.4,
2026-06-07 14:14:07.887653+00,campaign,,ui_adjust_budget,3.81,2.29,
2026-06-07 14:14:07.80983+00,adset,730175047382406513,ui_adjust_budget,6.35,3.81,
2026-06-07 14:14:07.768964+00,adset,730131279627046176,ui_adjust_budget,10.62,6.38,
2026-06-07 14:14:07.758763+00,adset,730126467823838547,ui_adjust_budget,11.43,6.86,
2026-06-07 13:33:41.399684+00,campaign,,ui_update_budget,1.27,3.81,
2026-06-07 13:33:41.39417+00,campaign,,ui_update_budget,1.27,3.81,
2026-06-07 13:33:41.367419+00,adset,730125087398796770,ui_update_budget,2.54,3.81,
2026-06-07 13:33:03.839576+00,campaign,,ui_update_budget,1.27,3.81,
2026-06-07 12:21:13.843536+00,campaign,,ui_update_budget,1.27,3.81,
2026-06-07 12:21:13.830525+00,adset,730128082165783322,ui_update_budget,1.27,3.81,
2026-06-07 12:21:13.804251+00,adset,730131929701188206,ui_update_budget,1.27,3.81,
2026-06-07 12:21:13.787914+00,adset,730130505344597328,ui_update_budget,1.27,3.81,
2026-06-07 12:21:13.743293+00,campaign,,ui_update_budget,1.27,3.81,
2026-06-07 12:17:48.709462+00,adset,730160161776072987,ui_update_budget,6.35,12.7,"green 2 days, +30%"
2026-06-07 11:49:44.118097+00,adset,31167350331032,ui_update_budget,3.81,6.35,
2026-06-07 10:48:25.938801+00,adset,730129999836227346,ui_adjust_budget,10.22,12.27,
2026-06-07 10:48:25.883811+00,adset,730127988250776273,ui_adjust_budget,96.39,115.67,
2026-06-07 09:59:53.331293+00,campaign,,ui_update_budget,1.27,3.81,
2026-06-07 09:59:53.246051+00,adset,730125516653624607,ui_update_budget,1.27,3.81,"duplicated to new audience, trimming original"
2026-06-07 09:59:53.172136+00,adset,730110924165009300,ui_update_budget,1.27,3.81,
2026-06-07 09:59:53.024817+00,adset,730130006681702129,ui_update_budget,2.54,3.81,
2026-06-07 09:59:52.959001+00,campaign,,ui_update_budget,1.27,3.81,
2026-06-07 09:59:52.948305+00,adset,730135109436060243,ui_update_budget,2.54,3.81,
2026-06-07 09:59:49+00,adset,730130006681702129,update_ad_set_budget,2.54,3.81,
2026-06-07 09:59:49+00,adset,730110924165009300,update_ad_set_budget,1.27,3.81,
2026-06-07 09:59:49+00,adset,730125516653624607,update_ad_set_budget,1.27,3.81,
2026-06-07 09:59:49+00,adset,730135109436060243,update_ad_set_budget,2.54,3.81,
2026-06-07 09:59:12.227406+00,adset,730121092582511364,ui_update_budget,1.27,3.81,
2026-06-07 09:59:08+00,adset,730121092582511364,update_ad_set_budget,1.27,3.81,
2026-06-07 09:58:46.417126+00,adset,730162747561997773,ui_update_budget,2.54,5.08,
2026-06-07 09:58:42+00,adset,730162747561997773,update_ad_set_budget,2.54,5.08,
2026-06-07 09:55:33.203441+00,adset,730124893679552814,ui_update_budget,6.35,12.7,
2026-06-07 09:54:56.288624+00,adset,730128434697262830,ui_update_budget,19.05,25.4,
2026-06-07 09:52:41.369625+00,adset,730132171816989772,ui_adjust_budget,3.81,16.51,
2026-06-07 09:52:24.516789+00,adset,730119979220314198,ui_adjust_budget,54.61,67.31,
2026-06-07 09:50:38.118677+00,adset,730118951732469174,ui_adjust_budget,6.35,4.44,
2026-06-07 09:49:54.688762+00,adset,730133449847980886,ui_adjust_budget,2.54,2.03,
2026-06-07 09:49:54.671804+00,campaign,,ui_adjust_budget,5.08,4.06,
2026-06-07 09:49:54.545735+00,adset,730125157442067292,ui_adjust_budget,12.7,10.16,
2026-06-07 09:49:54.528721+00,adset,730111165025674105,ui_adjust_budget,12.7,10.16,
2026-06-07 09:49:54.511142+00,adset,730133022053654014,ui_adjust_budget,17.78,14.22,
2026-06-07 09:49:21.860846+00,campaign,,ui_adjust_budget,3.81,2.29,
2026-06-07 09:49:21.85353+00,adset,730194533330845305,ui_adjust_budget,3.81,2.29,
2026-06-07 09:49:21.836005+00,adset,730113809941508154,ui_adjust_budget,3.81,2.29,
2026-06-07 09:49:21.751483+00,adset,730114960639330359,ui_adjust_budget,3.81,2.29,
2026-06-07 09:49:21.541355+00,adset,730125738085033886,ui_adjust_budget,6.35,3.81,slow ramp per playbook
2026-06-07 09:49:21.481128+00,adset,730131939241819038,ui_adjust_budget,6.35,3.81,
2026-06-07 09:49:21.453698+00,campaign,,ui_adjust_budget,6.35,3.81,
2026-06-07 09:49:21.445897+00,adset,730114082710212228,ui_adjust_budget,6.35,3.81,
2026-06-07 09:47:42.284529+00,adset,730182221297013775,ui_adjust_budget,2.54,1.27,
2026-06-07 09:47:41.97014+00,adset,730115917593002506,ui_adjust_budget,3.81,1.9,
2026-06-07 09:47:41.937576+00,adset,730129920523250803,ui_adjust_budget,6.35,3.18,
2026-06-07 09:47:41.909402+00,adset,730131057235610353,ui_adjust_budget,45.59,22.8,
2026-06-07 09:47:26.932574+00,adset,730180390900194670,ui_update_budget,1.54,1.27,
2026-06-07 09:37:18.224276+00,adset,730111660330956057,ui_update_budget,3.81,1.27,
2026-06-07 09:37:18.132162+00,adset,730127686569001839,ui_update_budget,3.81,1.27,
2026-06-07 09:37:18.053171+00,adset,730129197860506415,ui_update_budget,3.81,1.27,
2026-06-07 09:37:18.041946+00,adset,730122277756994477,ui_update_budget,3.81,1.27,
2026-06-07 09:37:17.946565+00,campaign,,ui_update_budget,6.35,1.27,
2026-06-07 09:37:17.86246+00,adset,730116787005978704,ui_update_budget,6.35,1.27,
2026-06-07 09:36:15.406295+00,campaign,,ui_update_budget,16.38,3.81,
2026-06-07 09:35:58.318781+00,adset,730175047382406513,ui_update_budget,20.73,6.35,
2026-06-07 09:13:23.722077+00,adset,730115935160817027,ui_adjust_budget,3.81,2.54,lowering - soft day
2026-06-07 09:13:23.679623+00,adset,730119049882542255,ui_adjust_budget,3.81,2.54,
2026-06-07 09:13:23.651765+00,adset,730162228060849284,ui_adjust_budget,3.81,2.54,
2026-06-07 09:13:23.615551+00,adset,730131435815981997,ui_adjust_budget,3.81,2.54,
2026-06-07 09:13:23.393973+00,adset,730147896104414715,ui_adjust_budget,4.67,3.4,
2026-06-07 09:13:23.169533+00,adset,730111395845609920,ui_adjust_budget,5.08,3.81,
2026-06-07 09:13:22.607302+00,adset,730132870418688463,ui_adjust_budget,6.35,5.08,
2026-06-07 09:13:22.597925+00,adset,730111022034813676,ui_adjust_budget,6.35,5.08,
2026-06-07 09:13:22.575785+00,adset,730132947170847149,ui_adjust_budget,6.35,5.08,
2026-06-07 09:13:22.566226+00,adset,730114216770580941,ui_adjust_budget,6.35,5.08,
2026-06-07 09:13:22.508252+00,adset,730124434859064417,ui_adjust_budget,6.35,5.08,
2026-06-07 09:13:22.268166+00,adset,730118046412871080,ui_adjust_budget,9.91,8.64,
2026-06-07 09:13:22.208526+00,adset,730131279627046176,ui_adjust_budget,11.89,10.62,
2026-06-07 09:13:22.199169+00,adset,730129772680132521,ui_adjust_budget,12.19,10.92,
2026-06-07 09:13:22.188061+00,adset,730124344511657553,ui_adjust_budget,12.37,11.1,
2026-06-07 09:13:22.156002+00,adset,730126467823838547,ui_adjust_budget,12.7,11.43,
2026-06-07 09:13:22.144844+00,adset,730133253106388878,ui_adjust_budget,12.7,11.43,
2026-06-07 09:11:52.422389+00,adset,730117576322941540,ui_adjust_budget,21.59,19.43,
2026-06-07 09:11:52.400076+00,adset,730177201267065733,ui_adjust_budget,22.86,20.57,
2026-06-07 05:30:04+00,adset,31302925337341,update_ad_set_budget,314.55,267.36,
2026-06-07 04:30:03+00,adset,31808893639076,update_ad_set_budget,12.7,7.62,
2026-06-07 03:30:03+00,adset,31273956645572,update_ad_set_budget,19.05,11.43,
2026-06-07 02:30:03+00,adset,31626016833981,update_ad_set_budget,128.93,103.14,
2026-06-06 19:18:00.11201+00,adset,730133942771629693,ui_adjust_budget,2.54,2.92,
2026-06-06 19:17:59.947641+00,campaign,,ui_adjust_budget,2.54,2.92,
2026-06-06 19:17:59.761429+00,adset,730129999836227346,ui_adjust_budget,8.89,10.22,
2026-06-06 19:17:59.696908+00,adset,730127988250776273,ui_adjust_budget,83.82,96.39,
2026-06-06 18:17:19.673446+00,adset,31273956645572,ui_adjust_budget,12.7,19.05,
2026-06-06 18:17:19.664526+00,adset,730117576322941540,ui_adjust_budget,15.24,21.59,
2026-06-06 18:17:19.559662+00,adset,730117093264226298,ui_adjust_budget,19.05,25.4,
2026-06-06 18:16:48.442182+00,adset,730126467823838547,ui_update_budget,8.89,12.7,
2026-06-06 18:16:48.243118+00,adset,31808893639076,ui_update_budget,6.35,12.7,
2026-06-06 18:16:27.645801+00,adset,730126467823838547,ui_update_budget,5.08,8.89,
2026-06-06 18:16:05.319009+00,adset,730132870418688463,ui_update_budget,3.81,6.35,
2026-06-06 18:16:05.289006+00,adset,730111022034813676,ui_update_budget,3.81,6.35,
2026-06-06 18:16:05.27907+00,adset,730132947170847149,ui_update_budget,3.81,6.35,
2026-06-06 18:16:05.24717+00,adset,730114216770580941,ui_update_budget,3.81,6.35,
2026-06-06 18:16:05.096225+00,adset,730124434859064417,ui_update_budget,5.38,6.35,
2026-06-06 18:15:17.971319+00,adset,730124434859064417,ui_adjust_budget,2.69,5.38,
2026-06-06 17:07:52.811725+00,adset,730182221297013775,ui_adjust_budget,3.81,2.54,
2026-06-06 17:07:52.649215+00,adset,730133449847980886,ui_adjust_budget,3.81,2.54,
2026-06-06 17:03:39.968622+00,adset,730131057235610353,ui_adjust_budget,50.66,45.59,
2026-06-06 17:02:27.368067+00,adset,730115917593002506,ui_update_budget,6.35,3.81,
2026-06-06 17:02:17.308339+00,campaign,,ui_adjust_budget,3.81,2.54,
2026-06-06 17:00:07.810191+00,adset,730194533330845305,ui_update_budget,1.27,3.81,
2026-06-06 17:00:07.80081+00,adset,730127686569001839,ui_update_budget,1.27,3.81,
2026-06-06 16:59:33.673643+00,adset,730122277756994477,ui_update_budget,1.27,3.81,
2026-06-06 16:57:01.40647+00,adset,730125738085033886,ui_update_budget,3.81,6.35,
2026-06-06 16:57:01.387047+00,adset,730116787005978704,ui_update_budget,3.81,6.35,
2026-06-06 16:57:01.356668+00,adset,730131939241819038,ui_update_budget,3.81,6.35,
2026-06-06 16:57:01.244705+00,adset,730119487809115633,ui_update_budget,3.81,6.35,
2026-06-06 16:55:19.06963+00,adset,730119979220314198,ui_adjust_budget,41.91,54.61,
2026-06-06 16:22:47.997951+00,adset,730177201267065733,ui_adjust_budget,19.05,22.86,
2026-06-06 14:15:59.828931+00,adset,31626016833981,ui_adjust_budget,107.44,128.93,
2026-06-06 14:15:59.821091+00,adset,31302925337341,ui_adjust_budget,262.13,314.55,
2026-06-06 14:05:24.931832+00,campaign,,ui_update_budget,2.54,3.81,
2026-06-06 14:05:24.925785+00,adset,730114960639330359,ui_update_budget,1.27,3.81,
2026-06-06 14:04:22.323918+00,adset,31255165214890,ui_update_budget,3.81,6.35,
2026-06-06 14:02:41.932582+00,adset,730110519463104915,ui_update_budget,1.27,3.81,
2026-06-06 14:01:41.901414+00,adset,730132870418688463,ui_update_budget,1.27,3.81,
2026-06-06 14:01:41.883522+00,adset,730132947170847149,ui_update_budget,1.27,3.81,
2026-06-06 14:01:41.845555+00,adset,730114216770580941,ui_update_budget,1.27,3.81,
2026-06-06 14:01:41.83166+00,adset,730131435815981997,ui_update_budget,1.27,3.81,
2026-06-06 14:01:41.808956+00,adset,730119049882542255,ui_update_budget,1.27,3.81,
2026-06-06 14:01:41.78004+00,adset,730111022034813676,ui_update_budget,1.27,3.81,
2026-06-06 14:01:34.819537+00,adset,730120257572289199,ui_update_budget,3.81,2.54,
2026-06-06 14:00:50.027532+00,adset,31167350331032,ui_update_budget,1.27,3.81,
2026-06-06 14:00:49.95552+00,adset,31261736957459,ui_update_budget,1.27,3.81,
2026-06-06 14:00:49.883616+00,adset,31131314505039,ui_update_budget,1.27,3.81,
2026-06-06 14:00:10.726391+00,campaign,,ui_update_budget,1.9,3.81,
2026-06-09 07:12:44.120000+00,adset,730122709357812221,ui_update_budget,0.0,0.0,client brand test - keep live through the weekend regardless of ROI (account manager request)
